,Cycle,A1,A2,A3,A4,A5,A6,A7,A8,A9,A10,A11,A12,B1,B2,B3,B4,B5,B6,B7,B8,B9,B10,B11,B12,C1,C2,C3,C4,C5,C6,C7,C8,C9,C10,C11,C12,D1,D2,D3,D4,D5,D6,D7,D8,D9,D10,D11,D12
,1,22.0068823031625,10.4456788896678,-34.4450997502267,-47.5031182581783,-30.1294014636728,-103.220720524966,-50.5706626479332,-47.2500692036115,-15.9002144088613,-24.0001760762616,10.4172520149332,-47.6390486775681,18.083633372074,-19.493194563649,-22.2750046921415,-17.5418157328281,-26.1080248528374,-45.8126261097623,-52.9033457121,-37.1693531219667,-24.9996588134795,-5.33756394548118,-14.6713733505135,-0.280601616011609,-47.6912896956528,7.73852366997698,-11.012667690396,-23.532854924581,4.41214581937174,1.33422809497642,-35.300470361748,-18.0879515786328,-30.5168243198532,-6.6007250049538,3.30269029603323,-12.3104720048941,-89.0233741787306,-11.6376864124009,-50.3644676537328,-39.7887619977414,0.190134273997046,-17.3484849121646,-16.261345110403,-38.2120145255421,-1.4742738287373,-61.4383537760509,-59.2768651952333,-3.70478117220546
,2,18.7283152370492,26.6614281884317,-24.4589271025111,1.47060274919841,-15.2911263699539,3.46938634345224,-26.1800847049185,2.46416522352911,-4.69980687540192,-6.14856900378072,17.0541169343278,9.58377047045133,24.5869101420344,-2.77059082988626,14.4741843730208,15.7748917926342,13.9748387984059,8.55733391526564,-33.6636484436813,-24.4057345753363,9.94229825674893,1.53353671796276,-0.963314552545853,17.6960071340113,7.75680802647366,22.4162954783969,21.8069392795105,-14.0110905621768,13.7983526162266,9.34403233630246,5.4602057750094,-2.35033307802951,-11.9519267506034,11.5967222433433,15.7086739950942,19.0834281711373,30.7323051595263,24.2354638171164,10.6490372590465,10.7258115288764,11.6901387647877,-2.1975448914377,6.71099783379623,3.75421061197812,8.12970113372785,-13.0031121824527,-3.68197524492189,6.99803772093856
,3,20.6382595753716,20.5655742108138,-31.489594245917,6.03028265680996,11.5019876668916,2.66535553277436,9.53539928437795,9.26387780420782,-6.7466920226334,9.49286937233956,12.8239135031481,8.16347332513942,18.4209374721786,11.4404868532156,14.1948155176215,15.0846751193994,16.1221006251917,13.192568107751,7.21312777583444,8.70992975980244,11.8361952294094,6.87759071585833,15.4365131392869,7.09383504497464,19.7904448738036,20.1418543087757,21.4226800547694,-12.019840114086,17.0202129342379,15.526390971308,11.4898824779279,15.0017627830321,-12.4283169714836,15.1687268412661,15.3286277762836,12.8965974619186,18.1874286460734,18.126809906275,9.97047912309199,15.7761068953241,16.0411511667298,-0.843927660265763,11.5760070372698,9.12513933961327,10.0971166597601,-8.12742490587243,-1.55357921462019,2.61536144439015
,4,18.7377756252663,18.1364975976608,9.75421061972429,11.6034966598418,4.33132882981863,10.1658129331117,9.32868617635222,8.99461333281261,15.9483223880084,12.4175425048056,11.3662191337989,9.21483246480557,17.8543030593646,12.93383732661,15.781801535461,14.3957619655853,9.34905944611364,15.3065977581009,8.17464566813487,10.0813714526485,14.2170271534383,9.39881807570782,12.496904435146,5.62405253030465,20.7626712045908,18.9989440378868,15.5460440377801,18.6028072336385,18.1672456465085,14.9035492184789,9.36201266411172,15.6018013671764,18.0393220744331,9.07043211128348,16.7500787450585,11.6920570349075,19.2291121828962,17.3147390845065,11.1855604456514,11.9189161735703,23.349004356573,-1.01440910140354,10.1480161512363,10.5159504597718,12.9464200598468,-7.61266196095994,-2.48493429943755,-3.61885137093805
,5,8.63689651620962,16.8079160218795,19.2778787752145,1.7619952019777,6.94721149831275,11.0545725033567,8.3576588390556,9.17051635871212,12.8098818724943,5.27369216287934,13.2311760832231,8.81921746231365,9.2040785072727,14.1610403034197,5.52848648634017,7.18711266334685,12.6886611651639,9.54685880688203,6.08336569523635,6.35041390451761,7.03015105035047,6.39919489529075,7.28099008087929,4.30978009063983,8.31638866334515,11.0342209767614,7.07841991754867,14.416912628149,13.6874348313345,11.3603445119334,3.23711030760524,6.23994491873873,7.62849991946678,8.19894109143706,12.5715684486358,9.53763007695488,11.3477659068035,6.57786967535912,9.13949167720648,9.09802642566501,7.98885411370384,-1.04339213927824,5.03918020322226,4.63804542473099,5.295120876282,-8.29591636310033,-10.0555402187606,-8.88415991911688
,6,11.7874033895378,15.1989135352551,19.8338661232892,9.84820240294766,10.6469534903404,7.81137912922532,5.31649531416042,15.4108228777636,16.1038166698122,10.6209206612425,7.33707009641921,7.9033245913547,5.94814621689466,11.2708371874246,10.1696010040259,10.877830668755,11.9532876731087,10.5235153063709,9.79613184821937,3.95742632279507,8.02268951555425,7.59713290492118,5.46257087662525,9.21589025511548,11.7625685355888,13.1531369321979,9.05185297038679,19.7115668631086,12.0140398273029,9.08715618164115,8.05150021745249,6.54365254104414,12.4264682163794,14.1144862045417,6.83634154097126,4.96066507476598,8.34738921034568,12.6304986865402,14.5503633643739,8.50326093340118,7.7335582060764,-1.30005104191059,12.5894008043474,5.16595672709946,8.60838870241105,-1.8504019447937,-4.39810383524355,-0.726780754127503
,7,7.72777902861981,4.84098050730245,14.5072497170131,4.10466620055013,3.2226644968373,7.58163359391438,7.79960939941839,1.70893515700027,9.66463141094346,0.177591779844533,1.72350859163953,6.73057246128019,2.02494798864473,3.82436654931462,6.78519746748498,6.62375768068432,8.87874828094891,7.69022599833988,4.11563867639279,5.07356222209773,6.61551082784354,7.86657133765857,6.05236531343053,2.86781499597782,2.70464097278727,6.17196272409683,8.43979688344825,10.7402321225582,2.85486281849944,5.06955739751265,2.38373488087018,7.19129455386656,4.98219156739924,7.262473147327,5.11217253220821,-0.402249281311924,0.4629570550278,0.630014666698571,3.17334012115361,5.94307014152446,7.07353594627921,-0.871931779316583,6.84742564663702,5.60601938405534,1.63781805086455,-4.51985563263406,-6.25495088544267,-6.59741871189044
,8,-1.4396589889916,1.60888540993574,7.13395088454899,2.59275835709286,2.30417780245716,6.76259693276415,5.01533104719147,2.83072928481306,8.53621994001651,1.07585628186371,-1.20734792604935,2.52435696427756,2.15316114551933,4.29085262439821,1.52475183710476,0.242798935963492,1.55123588130027,1.40598538551285,5.54711996496599,2.93481357101928,1.79472241563963,1.688052348582,0.691886571434225,0.975390312047693,5.19867846269744,-1.55573723173666,1.30014260414828,10.6273782927115,7.42861488384096,3.26115115857465,0.949989944384015,3.09881116725137,7.48750917844518,5.66858221560233,1.94592164129654,4.77673460224742,4.47234354250713,1.48446793399808,3.36159047320416,4.48832295338707,3.97283327897503,0.230666615126665,4.03813962078721,2.47497377240006,5.31286367483881,-7.84382930017182,-5.50684266145117,-3.87335853267996
,9,2.04606873918738,-7.45785477912159,6.48807331638,2.514766155698,-0.177561441845228,3.84265630513573,1.53504864665865,4.57163727773604,3.44052339423479,-1.70445849079488,0.552622639210767,2.5225187091819,2.46497528408008,-4.13803197281914,2.26986040488191,0.787728788832283,0.295954214904214,3.13773989447463,-2.78180953155015,1.57156616277553,-2.81581745862059,2.6172741827836,5.07009589277595,4.16817356619822,-1.72841628029255,0.281624573883164,-3.4084362454405,5.16799047103314,0.835535574181449,4.43771402615039,0.739375649197427,1.43777194729228,2.89862568838271,4.23338127044963,2.74799796388788,-4.23524179550486,-0.0312319734948687,3.83709391721504,3.41888209983745,2.06150653525128,-1.89874521227011,-4.31658015741186,2.14846937028824,5.49386248062865,-1.10178137740513,-0.747555206672132,-2.70818246795625,-5.73383582892984
,10,-3.72674650157524,-10.5794575885966,1.0124360222394,0.510025183747075,1.98389785281279,-0.0583941684058118,1.22693170227512,-2.68440664701939,-2.14909264675634,1.01281666038858,-2.55721733431164,-0.245065346564388,-6.63920195633864,-0.367658870999549,-3.03717886303639,0.53534038162752,2.30304474250033,-2.87782494829298,-1.89641129166921,-3.899044322382,-4.99080132170366,-1.49377460248434,4.9315439754314,-1.17368207154277,-8.75430222724344,-8.2940679160024,-0.714833465013271,-0.338761676394824,-2.90149640761229,-2.96237375221381,2.21463789898326,-3.00355234043855,0.967749171799369,0.346457547665523,2.46413382256696,-6.02866249499675,-4.67499612157826,3.14591764761599,-0.0540579978051028,-2.71175500654772,0.498131147802269,-1.93439447931542,-0.0110443359703822,0.935476786869913,0.174209795707156,-0.623753691942056,-3.085372924691,-4.06897649423945
,11,-7.21580069661059,-7.89765748445916,-0.669778572630094,-2.19507499805059,0.0170370178916528,-4.35737520728253,1.46657727027832,-3.24210529434276,-2.01418946582726,-0.254587222349983,0.216839245628762,-0.902244055278061,-3.80395996296011,-3.93329846385041,-3.89352468989364,-5.73767983983635,-5.50853625111813,-2.77513940323524,-0.409795195150309,-0.306680892214899,-3.39770776641808,-4.58374080865269,2.79376713643296,1.92886791181854,-11.2910282474904,-7.07244173214485,-2.75365946415423,-4.53470522807538,-7.61529196309766,-5.18817890723267,1.91325995198076,-6.6735829256495,-2.52918814000896,-2.99280845472094,0.3246996892467,-5.94647320843069,-6.30020664308768,-5.54996096849573,-0.12624153771776,-0.761300018152724,-1.27320823951823,2.7692687638455,-3.86966790938868,-5.08433252176792,-2.20614589965271,-4.39270351876985,-2.25606231180382,-2.40620422284564
,12,-7.47171403606217,-9.08928820401161,-0.417760689384522,0.60705336020601,-2.10688486755271,-1.76898764719272,-0.997773076142494,-1.94428858745277,-0.339019634141096,-3.22737272252925,-5.48296256953563,-3.25120737523548,-7.87665454234366,0.794399196941868,-5.83843255166494,-8.34288938259624,-5.31505344036941,-5.63889745571669,1.28896276205842,1.36875999445692,-5.5210741555029,-0.168100793838221,-4.1779410609779,3.60073962884917,-7.01942633898807,-6.61055494327229,-9.37707603060198,-1.64751567858548,-8.92280666497891,-5.70404039029791,-3.02535951025675,-12.1547975447274,-1.99092055237543,-3.1104018688884,0.854525027099953,2.48120167780235,-5.23032513650378,-5.26909519142237,-2.43138697828681,0.679042152767579,-5.23604536206358,-5.04512881316123,-5.69022958135929,-1.74643181614192,-1.10226706999856,1.24896866755034,-1.91089962280194,-2.51610354682271
,13,-10.4109681437308,-4.5434018177707,-4.99304688904431,-0.351692718377763,-1.84200350066521,-9.49810421730581,-0.326772920658186,-0.139634363560162,-6.24968365341238,-1.44950690234464,-7.62515188981706,-4.44877310856646,-5.92316012965603,-6.43908699345957,0.332832719431735,-7.74599782880659,-7.11065683144989,-5.70811971858438,-4.42636127338392,0.950455191106812,-3.75944483853436,-1.26280375603528,-0.813549052060807,-2.89012224836779,-11.3318547878675,-12.4330135304299,-7.10923584698094,-5.01866841789115,-8.02764990210608,-9.07540768199078,-2.01459303043794,-7.62747808456334,-2.02202990078558,-1.99721433961395,-9.99853635457885,-5.83451019905124,-10.3390552822589,-5.63702456976307,-1.73068680967481,-6.76717538374351,-4.81588701415876,0.45842554185765,-4.38721073662782,-2.59167514057026,-3.33994407207865,4.83652618842643,4.82866683220345,-2.14367894971201
,14,-13.9767641293192,-13.6577256119517,-3.46563251160296,-7.08764504334113,-4.81861802918047,-7.39476087716503,-1.56792660941301,-2.90084683808755,-8.72571524107389,-2.22731593056687,-5.92623212504895,-10.9236251016641,-7.52515303661903,-9.02898324913531,-7.14192572634693,-7.93267945774551,-7.28463166216989,-9.84482436914004,-2.21451702922604,-4.94009569653372,-5.30371216988033,-1.8131367245619,-1.9236032197141,-3.21362747459443,-12.2229847177659,-12.1019611265506,-6.044283247365,-5.99305920763618,-10.635187579278,-9.52435660414358,-5.24363279762838,-5.64436137072562,-5.14861364046328,-6.72630527732917,-6.74860423147584,-4.38190919813951,-6.07464355105412,-11.0841888945765,-12.6404281658251,-2.44901988033598,-10.8937717346066,2.86665549995905,-2.61878607640665,-7.42587454615023,-5.37529775153916,10.1896584378924,3.04711937646834,4.14659033176849
,15,-14.2897320595011,-16.7867989569722,-8.76412333616781,-4.09312780811251,-5.5146225250287,-8.49036570260114,-9.91102623164807,-8.44181493185624,-4.70459443581012,-6.57242455055484,-7.38636964799753,-8.12792572781245,-4.92863201618457,-10.6926298325361,-8.65879608280829,-7.37659957001006,-11.1441281898988,-11.3220951715002,-2.990977341487,-4.57035060195767,-3.01777334534836,-1.17456612363503,-7.33687713838481,-4.47714436829619,-9.09979620798185,-12.8145943589484,-17.6130359612148,-5.84345466875311,-12.3565475233004,-13.5925983950478,-5.41634002878163,-9.73792875249001,-9.30577478161513,-9.91080330236719,-12.5701200028357,-5.30224750637944,-9.17511068411068,-10.310815689279,-10.5867643783417,-7.18920855320539,-7.80613012618915,-0.15805410769326,-9.09482935084134,-6.18336764099922,-4.65829378757371,6.4703750180297,4.49013318237985,6.42317817492039
,16,-13.9327634876581,-13.122822689927,-6.25855138492261,-8.37828460713718,-8.12879723849892,-6.99786812231923,-7.30902730959087,-6.07315748167275,-8.60603309202406,-4.19030603126066,-10.4111755639119,-7.22358520025273,-10.5184499772463,-8.08526849833652,-11.1484045849093,-13.8237285692499,-14.7542264652511,-9.29045776749535,-3.76744317666908,-5.5149015689567,-7.05169366119162,-4.47716317007962,-4.5121361548795,-2.50699361064062,-10.4704588539503,-17.1541429521981,-12.1269859808222,-14.0637634077248,-13.6437164041472,-5.28443959728065,-13.0535109737034,-9.81110354467955,-7.95808721794174,-17.2734295594564,-11.0471220925128,-6.79989219843401,-6.67760318750697,-11.2710636835791,-13.4482241677338,-8.8946600576146,-8.42440041042209,4.03009944832547,-10.0796720641456,-4.90088743991873,-6.27976161887227,5.12953878129019,10.0322766157342,2.06419613188473
,17,-15.1029886347624,-18.1996360573589,-10.167281506589,-8.27667027707639,-10.6815863771822,-6.35020585630537,-10.5446696876343,-8.93620744322425,-8.77925505169014,-4.32079945684336,-9.06258497466979,-3.93177635508437,-11.4201825653217,-13.2072199826193,-9.90832666722417,-16.4774811327584,-16.2787373626825,-19.4418345274098,-1.60446124970576,-6.48863971832725,-6.22782390767179,-4.11731150320747,-9.36458779336272,-2.97159771184897,-16.4958660232892,-18.3034278630803,-16.5780043313644,-14.8372439693167,-10.9396552923467,-9.00173649997851,-9.94507761028672,-12.0416840136772,-6.13993324725379,-12.5386102432822,-15.9391349299799,-7.85340838671027,-13.8017105711056,-16.4525250163028,-9.53351013786232,-11.7725029947787,-15.9052771553638,4.18162491187286,-14.431113683122,-5.77628482270347,-7.41832675202295,1.41993766965334,9.09444890190161,9.31724395863557
,18,-14.7113033136884,-18.5471610028308,-9.08490249023725,-6.48292666504631,-6.23138239194122,-2.94347535003271,-9.72191948671752,-5.32309678161573,-8.59874211371971,-7.55410202999065,-5.417774243238,-9.77389467209696,-9.22272623269873,-11.7873496268298,-14.2285250388959,-11.077995573175,-13.0980078243124,-11.6989246435428,-7.60102999473793,-8.56726612828015,-6.28539794130347,-5.08706622360614,-10.4460365787763,-8.68066517666739,-9.64588940754766,-14.1989725835756,-13.1722313893333,-15.0743845277771,-14.3465091779185,-14.2315638088626,-9.55919560422899,-12.8682693084679,-4.770843383586,-10.932824445968,-8.37694006105357,-7.50403203559972,-8.69424583813361,-16.18199623583,-10.5082929616215,-14.5084229988865,-16.6855219460122,4.30532843078117,-13.0160125094767,-11.1078940243315,-13.0517077946529,12.1887065119759,7.59086804470689,8.35588385555684
,19,-14.294876115513,-10.7891889440598,-7.42488559100866,-9.73584600991944,-5.23839381094649,-6.98758602467979,-10.4234928511578,-10.5799680596342,-10.5745518822996,-7.91053952903349,-3.66464745811163,-6.81255223534572,-10.9413601308993,-6.05901178149315,-9.16719231913021,-9.6337791591327,-11.8916640671896,-10.6582955253425,-6.75455708873324,-3.18435391923276,-10.2727143196744,-8.02665226795079,-6.12869411046313,-6.92663486178208,-10.9818629552756,-11.4218916892132,-11.5410494023458,-15.9677705524978,-18.5298450438622,-11.3281346228664,-13.9422338296799,-6.96830043711316,-7.58031318938492,-13.9778790685641,-18.0675189929825,-3.90835734601933,-8.97529337613014,-16.9110910077661,-14.3078646871036,-8.21758264187929,-12.7236774760304,6.55786778447145,-6.93646630958619,-7.83361945624256,-7.63557248629058,9.54133146817776,12.5893816013154,10.0229500701912
,20,-9.68099465816749,-6.65194352158915,-5.82581487225252,-5.25647356608442,-6.96008488361849,-12.6566923884989,-10.0682561800804,-7.38305151625173,-13.0698619327222,-10.8367562851058,-9.01450426957172,-4.63445162097923,-12.8916188818812,-14.2920443955504,-11.9321477278581,-12.2972883915763,-12.7027694302783,-11.6089471899859,-10.3424035190133,-7.45259482893198,-7.82918931497943,-7.02074230702874,-17.6911115206267,-2.42158284733296,-4.74466872640278,-8.66674451617746,-7.14646666437147,-18.8538310407198,-16.8738809173965,-15.0290712488095,-5.19477908444469,-4.3484572754287,-4.99861151567984,-12.221705649501,-14.4153981572676,-5.66955202584313,-13.7961655583481,-16.3339977310393,-14.606886386644,-14.0095541719425,-15.1683882621101,2.90225911805737,-13.715068303014,-11.1893380768897,-14.0135239966194,9.46193306722489,7.55503278833021,6.215202715749
,21,1.20768509751679,-2.46910714687192,11.1793888508255,-6.9597104887871,-4.75872501290087,-2.90536995429193,-10.245530258394,-14.9407420271264,-7.96481723723991,-9.28879178549869,-1.83633277135868,-5.16945289058231,-8.86950933734215,-6.27899414489093,-8.14696085816695,4.715703228846,1.78644925602157,0.848114902946691,-9.57580452010916,-6.81405493080229,0.0612491333822618,-2.63079027072763,-6.42480942977227,-6.0298906398416,3.7453346430425,1.21704110481596,2.3673945590981,-9.64551184083302,-6.07966743153656,-9.63127740817617,3.7048906080372,4.16532099174174,-1.71189605498785,-9.72398723466313,-12.7150883685899,-1.66856624164302,-5.49848155327527,-3.07121742356185,-8.81621780036767,-12.3711163638191,-15.150026639421,6.89998346827633,-5.48269635312408,-2.68775937593273,-5.49790810065497,9.51957986318848,12.7489177037924,9.2739768595784
,22,23.5591476809022,23.3744047128612,35.5097705218127,3.07796400468351,1.23273433287113,6.4182272658486,-4.98937457187412,-7.92052566288066,-4.44301645167798,2.48787787186802,-0.182770603590143,4.60332947167581,-6.562634764427,-4.10609143986449,-7.15448803041318,20.8025863623157,16.8867064532728,23.455370354126,-8.53894815750937,-2.4629465130256,-2.96119189837327,-7.98272865250192,-14.3867136298763,-3.41687135525081,21.0847880146034,24.6277019109002,23.0816988460615,-3.75411770201117,3.9202727671659,-0.153908575892274,14.9619047026172,18.598294975116,8.71511063213347,-9.76796366262352,-4.78035080739892,1.83957569586073,2.51701532915558,-0.392633171441048,2.39428494180902,-13.3015645646228,-10.7883472850399,10.6027277072967,2.17905139065533,3.49591836226136,1.99944468375406,7.9822328169812,2.49861272640919,10.4861407221961
,23,69.1064070697976,73.3191952361212,84.6644610745029,8.92767644807418,13.2987871831406,12.5926715860082,-0.702558363548178,0.497322360318321,-3.46592238916401,12.2579753146915,15.1392965425248,9.51791787385628,2.21326984466168,-3.28168082734874,-1.6367747102704,54.433731018104,68.1772312834164,58.9575630301915,2.12017015995343,-2.78551815105584,-1.6699049399931,-3.88483821933141,-16.0647082525584,-8.74855940218367,56.8505716515583,66.8711780877288,60.3029985368248,20.9961001005713,24.1725041564882,21.1801785186726,40.9402982053653,45.4642650750943,37.2642861819818,0.453433191965814,-3.56833003974452,10.5159069289521,18.2889666779433,25.6267373407918,21.4269098297555,-2.17950209588298,-0.195208219969572,2.75977166464008,13.9431724702308,12.573685122009,17.3839850485219,8.35332260692667,10.9895403967071,7.40558929840472
,24,159.939812778311,166.198224444464,178.868362032274,40.8938979065542,38.6574822995194,38.1029823566596,15.3273502017882,15.4671842336488,20.409021493339,43.3760526225892,42.2047063087671,41.5749428408176,21.0757003460558,19.8484824579823,19.0776488015349,133.352145267738,155.766408139965,143.346098682443,14.9944373451331,13.1280180139966,14.9637758444046,0.551539817864068,-4.7647119640601,1.40672780844079,137.324348823254,148.6990023452,140.61662247747,70.1677236868159,69.4640499568668,63.808397246094,101.390282258304,112.612304094403,92.9170021314526,23.2319717813912,24.8104944049405,35.9928054739103,59.1530114798825,65.0562566741914,57.1026254221183,22.2628892687162,30.2085359979037,7.76366578605439,55.0305299641541,39.7672839498623,44.5245482284286,9.82366407143763,6.19141982122846,8.45978775403501
,25,330.772224852388,350.49535401333,361.37695246497,90.0934983624325,97.6342504289828,95.4580793079217,53.4125256046136,54.5156289338665,52.3851855004132,95.7338546493047,99.5364039620713,93.5840130529782,54.9502955755775,56.7307304634869,59.19433580653,282.875095194221,322.751264049564,306.840144553356,39.9651609649259,38.6139451302893,40.5271186189857,11.3801923987535,0.525238074045774,10.3991968121486,280.623832941978,310.986203705418,300.90358606718,166.897963752479,164.350274695722,148.568411520124,217.756645064587,230.865507257929,199.990225182445,64.8461088935733,70.1609437530424,81.1205726339881,132.478443205297,147.839893784229,133.412114253528,66.9459580218017,70.5658047590209,1.27771691074213,120.972115224839,95.9395648329546,100.473860388299,6.19093485252188,3.89757860065811,3.13658951003708
,26,653.843363928895,695.254604190375,715.200827780197,189.176670352383,190.688911192301,197.126467592476,117.811107158866,124.47447991287,117.453769921137,191.195990177351,210.155089326403,203.243776943669,126.687720724413,121.238098982394,138.919100625799,565.702596072625,644.194443449434,613.492874426493,96.1758297454717,93.6710940943603,90.1948389281019,39.7324806364068,22.232580070081,36.533878533005,559.344068574752,614.578815966252,604.822180918011,350.091457018437,350.653549351722,314.707334605709,443.592354772411,453.254287410729,401.700172781349,148.973435279514,157.524017838865,169.051139103167,272.295802142202,307.62742606491,283.085894615497,145.641223967546,170.319922452193,-0.444650169034048,247.269129625298,202.574398428579,221.705726961739,2.81511254406087,4.33229664728788,8.30527033683211
,27,1245.82155591794,1308.38367557772,1336.92186129706,369.37671603562,386.368368322777,395.533962692779,245.284302158172,255.290271487282,249.237661830718,386.222684064176,414.307097081012,401.692451575118,251.527385523519,249.229421880024,287.686050081037,1072.21161543171,1222.18199014875,1170.46251155125,198.684053516466,194.408329501896,186.015189096639,87.0898477731512,64.7085860527964,79.8737399664874,1059.81344068295,1152.70636781978,1150.05443070663,684.750724154805,686.68885493318,618.987747917939,843.704593060384,867.670457866672,774.427632566622,306.124202654351,323.126287966021,328.952293449433,541.43778570106,613.335861754299,557.788045151787,304.204790142092,347.393735824865,4.04203390248449,486.389170075382,406.840998935619,439.730830746272,4.22932372448668,6.92717114089191,5.66346922453431
,28,2226.61636952247,2331.18013422431,2381.88102528467,717.679648878478,738.798263931355,755.974091301325,482.984897026465,501.560046386847,492.04932812487,744.95035063523,790.175852514938,772.343471513292,490.286563419706,488.983584410776,573.08900043577,1945.01786246154,2225.20828761229,2120.47685598136,388.72521116243,391.168070482956,361.921503169377,175.039426275262,139.838527211164,157.290320683517,1921.18127809504,2079.70484756301,2079.24402077805,1299.66542650288,1292.11309286448,1165.94662737623,1557.02328110348,1594.10962607061,1432.54520463745,609.711044042261,642.536757756442,638.40521411498,1029.04415451555,1154.78239377281,1067.48378291837,597.433552552049,682.821988440414,3.14705300417609,932.436896933984,777.872024906178,848.679936795772,9.07762767529175,1.34121072389144,7.10016342429162
,29,3735.71928007491,3926.98562726119,3990.73176109913,1354.47141565242,1387.74485651037,1411.40484618701,929.167143401369,972.907667928256,950.37229141354,1402.96654826129,1470.62699433323,1440.3128064587,961.598207959811,961.646473989329,1092.87054902765,3379.71724592321,3855.63966780458,3668.43985602741,760.590899854964,750.93587214753,706.486001724219,357.76271732235,295.89439653403,324.76258383081,3303.38117168749,3535.05125553625,3566.18728576166,2372.20874993518,2358.49083079151,2142.83747504797,2767.46844018147,2826.19077817394,2539.07041825241,1175.58671263439,1225.8649638243,1217.62155007821,1905.10080253608,2124.72994276377,1963.73828333383,1154.4740695652,1303.33375215483,0.413181647022157,1731.93245998537,1466.40051660192,1585.74484140919,7.46345479940783,5.1132044271717,2.12530860807692
,30,5568.34489042511,5828.54700002199,5921.72583527382,2418.99656840731,2475.13404904265,2513.4524560794,1711.86015715515,1780.69982781183,1746.07463704528,2489.07137944599,2587.63024527034,2525.47770885089,1761.64392878766,1763.25252677545,2003.23110007864,5271.27388216605,5991.21207388718,5720.75718929419,1434.54392179371,1414.62930433589,1321.6934514403,691.446887865781,565.885818763905,620.373542648428,5089.42298545547,5379.00974267754,5467.44401532184,3974.61661485398,3962.85084558194,3650.62957351607,4495.00389532886,4549.07142275622,4083.10239687612,2131.29032282911,2216.31216998687,2177.40355961605,3283.33817299437,3623.12169339939,3360.23966013402,2099.37140418529,2350.14835979996,1.54921708058464,3018.4716921956,2617.11484443469,2803.31045001909,1.29528477991198,3.04374905373652,7.72163239711472
,31,7189.14952050851,7560.32906234173,7673.39106381224,3990.73035842231,4057.17031221063,4112.16927460301,2957.19262815659,3058.3715198927,2994.0472289804,4042.82232592313,4154.42176894424,4027.80934770208,3045.04726132406,3059.24108723523,3423.4260256321,7106.83014762395,8055.28979550366,7710.94570472373,2556.60301014779,2521.08234372983,2351.72776088702,1291.89139858089,1086.38230762674,1169.81578733736,6784.11505541296,7060.79617572019,7231.84953088597,5945.5445321159,5925.06511172643,5591.94571587464,6379.495604277,6408.66978064572,5753.65321214492,3594.72738152111,3718.15915597553,3611.50582158908,5104.6123249021,5551.09745053023,5183.39498205056,3539.29746435209,3907.82313697417,3.7432630900239,4775.60027571872,4286.52071913974,4545.11363416061,-4.14120441720434,1.21888111896942,3.10331854511242
,32,8538.24179178395,8973.31898887108,9100.34942638926,5912.61888155654,5949.18772271113,6009.06653595222,4656.45712716668,4784.26074279325,4673.85420801882,5828.82840639685,5882.78724873193,5663.80760635577,4805.40333341864,4828.62167542847,5321.23244440911,8676.26893245439,9818.16017448073,9412.24584556063,4257.36353336875,4202.99129803856,3906.22351585825,2294.44324169007,1966.69305652666,2098.38398821823,8221.57041837401,8470.779867012,8719.48862668346,7763.17262188709,7740.28584864975,7435.95949570074,8050.86923797463,8045.88361868589,7231.3611930764,5482.98232304259,5594.80238510687,5408.02802065209,6918.69447800292,7383.34643585876,6948.17603606141,5402.59398505594,5849.8775991527,2.96262681266489,6640.90013746274,6246.24953239601,6494.37319213752,-4.90815039981135,-5.21181189204799,-4.5302964317475
,33,9505.32014898169,9982.76610558399,10125.3607004548,7645.62525085574,7650.44034222582,7700.98838336766,6409.67084304776,6509.29638409286,6373.38341365423,7403.82537730341,7386.94102084716,7087.3787304935,6617.73542769953,6678.9459895758,7184.99903777137,9836.80451719634,11117.4413075696,10669.0961352578,6386.199108747,6307.04120015741,5827.91877932468,3841.92136632512,3382.21789249203,3541.76286363836,9277.53756449728,9491.04647318213,9799.8419577106,9242.26635858664,9232.01898843111,8981.08691226136,9358.06804116912,9309.18029711009,8374.90959706234,7224.53541644692,7290.84314761746,7002.31371946051,8453.57515315102,8915.1929587743,8429.2102850073,7163.92432185524,7616.92032033009,-2.66755603031197,8247.38088227455,7986.99041538151,8202.08903349512,-3.32224623656793,-3.06172133246719,1.00116464688244
,34,10152.2752071176,10652.9703732731,10807.0917793039,9055.43938209458,9024.13140304894,9060.54457928366,7905.19624546528,7973.15661483248,7808.47376235369,8645.48260351901,8556.8848680053,8192.05923597392,8170.09613971862,8265.26942087835,8753.26948356814,10614.4299747291,11984.7044626445,11514.429587106,8330.91923984709,8231.43943774287,7577.05562798059,5634.93079370788,5153.29031860201,5270.82745605585,9982.07676180368,10164.1022109004,10523.8370868555,10297.8832652132,10299.8926704553,10111.2945726471,10261.1040118036,10182.8003164393,9166.38298994623,8675.68600796822,8691.63698590023,8320.43982398599,9584.92975086759,10025.4277293598,9508.9369648441,8630.93271443275,9066.89863875282,-3.39013106449374,9473.39410295073,9372.2924284315,9535.74504750172,-4.63484411595891,-4.27066849858829,-3.18477758714926
,35,10568.0728941266,11079.2943165667,11248.1810863342,10040.646891793,9984.86010200965,10002.543298324,9013.16267413201,9045.46454183716,8856.21159393283,9494.32622972408,9349.43844852878,8941.86170812056,9326.26346657915,9443.06490042929,9893.32636136095,11103.2658513188,12531.503521433,12045.8973354178,9912.51532768847,9796.99422841676,8987.33152830736,7275.06854969137,6954.5000950154,6921.08945214431,10430.0950415737,10591.8671586938,10980.542423499,10977.1191947557,10993.6450563701,10849.560316694,10844.2519687581,10742.3041658564,9676.16585743507,9706.39611522121,9679.40226699235,9251.11885876534,10336.8921859201,10754.2722933219,10219.20060371,9680.97436908827,10090.8808851264,-3.3919433912838,10297.8301297251,10330.5935659392,10446.2376060357,-2.76897510327854,-2.70783284586241,-4.44213803864523
,36,10830.72250471,11356.6050958058,11522.5759055028,10700.1085005065,10619.8763480537,10629.8903580546,9769.34247505815,9769.43129887553,9565.54699702161,10052.743261515,9873.80991195318,9436.56618915406,10120.6821420017,10249.9283474711,10664.8850278409,11412.3354759566,12876.5163344293,12384.0258307047,11056.9475800076,10931.85921121,10006.6507467685,8624.95195148409,8467.00590824084,8287.11605057892,10716.457293121,10862.8761620759,11270.7824505871,11416.9039470204,11436.1698190004,11326.056304723,11213.7919794341,11104.6596181863,10003.628074632,10403.1851638843,10342.3468115201,9877.17123699484,10825.1905528785,11221.4238011556,10676.8578380424,10386.6660332114,10774.1552534674,-0.670839112105568,10834.7626157056,10966.6538769835,11043.8429809835,-6.48407162069725,-6.52930481946441,-7.75836489125004
,37,10999.1794283505,11524.4311336667,11698.3833958978,11116.082402965,11022.8287987841,11028.5220153631,10247.4346204881,10229.4435208243,10015.3550290845,10397.7140472124,10201.6546130492,9742.24693446003,10631.5970264072,10766.2113509213,11158.2054733788,11603.4554484021,13088.6395519939,12593.3329309009,11807.4522291541,11675.333141593,10672.3990264552,9577.72320240599,9571.58751493351,9263.33478441326,10895.8382085816,11033.9168735505,11443.8751972619,11689.7685161306,11711.7912381388,11621.9552908263,11442.352032563,11330.5853331386,10210.126345128,10841.3116317564,10765.0027319923,10275.0945219521,11137.485639824,11514.6286889152,10966.1342612995,10838.7881565996,11205.7071041744,-5.28592395803798,11171.3462354941,11366.3129187671,11422.3658404117,-5.26228490432959,-8.31820744046126,-7.90060840340993
,38,11101.0624204765,11627.4153913508,11803.697503455,11382.4211430479,11278.8585301278,11284.1190657203,10548.3753112647,10523.7749355915,10302.3873388391,10623.9038771485,10409.5159721101,9942.8389872415,10957.9286755481,11095.4050295088,11467.4729118634,11718.8326273255,13215.6846236663,12717.9065939302,12292.5550639266,12153.9740433704,11103.9014337471,10213.1375801465,10319.0527325692,9921.34731650777,11009.4138582273,11138.1374938076,11548.8773265593,11860.3385734893,11883.1709300354,11805.1243195459,11582.1906697639,11470.3726469591,10334.7671098742,11118.3151418241,11030.9060039534,10528.9492757186,11332.1431519122,11695.7692883166,11143.4513667221,11120.8932407208,11477.1221644784,-3.12747528591808,11380.6062182711,11617.4325449747,11658.7868590412,-5.20471254720678,-4.5952136332703,-7.08847438158136
,39,11164.7291485507,11683.6977616566,11868.4405602167,11551.9734783195,11438.6009644027,11451.9166453833,10734.7362677026,10713.7718501839,10483.0452467156,10765.577561673,10539.8485139186,10066.5522567947,11163.4022766338,11299.5529303381,11660.9739221787,11781.9125987876,13286.9737681262,12787.9672353451,12603.0671212186,12459.7687438667,11381.139819494,10623.7869953346,10802.6151010834,10346.6099166102,11075.3501434015,11200.7297875255,11605.6431324442,11959.2051844653,11988.5156861591,11917.5121646947,11663.9603042029,11552.4971391214,10408.6842671917,11294.261762596,11198.8018418227,10691.8575271415,11454.1363779257,11805.6392116824,11249.8852725125,11299.4984417912,11641.0756599673,-2.50752371713315,11511.5465406584,11772.104648136,11808.0071867526,-5.45057853781736,-4.27663442590529,-5.89889732526444
,40,11205.7199502928,11723.345676424,11907.0925559405,11676.7912982752,11545.2042117116,11573.3687350301,10867.0092287117,10848.8720116058,10613.8493788966,10868.085387589,10630.9951009888,10153.7759718753,11303.9100909726,11436.4648293981,11792.5480751062,11818.6453826312,13334.9544902608,12832.985024613,12822.2908999482,12679.6607484145,11580.0745390369,10916.5292446503,11141.4948638209,10644.695051667,11118.0978903019,11244.2877770748,11645.1854827507,12021.4891197658,12058.5922832855,11993.9794650898,11719.3160932121,11607.6847874901,10455.8779391239,11419.1693897035,11313.4021553804,10807.8713445199,11540.129129262,11877.7013128754,11318.7711492565,11423.1932227885,11750.6348919959,4.23506116256613,11598.6609352575,11880.9406107129,11908.7382662111,-1.89786454158548,2.57186606316782,0.246328327778429
