,Cycle,A1,A2,A3,A4,A5,A6,A7,A8,A9,A10,A11,A12,B1,B2,B3,B4,B5,B6,B7,B8,B9,B10,B11,B12,C1,C2,C3,C4,C5,C6,C7,C8,C9,C10,C11,C12,D1,D2,D3,D4,D5,D6,D7,D8,D9,D10,D11,D12,E1,E2,E3,E4,E5,E6,E7,E8,E9,E10,E11,E12,F1,F2,F3,F4,F5,F6,F7,F8,F9,F10,F11,F12,G1,G2,G3,G4,G5,G6,G7,G8,G9,G10,G11,G12,H1,H2,H3,H4,H5,H6,H7,H8,H9,H10,H11,H12
,1,30.5370409167194,42.1942427968984,39.182168940863,15.6460611807179,39.2097560924803,-172.288054950729,35.8775222639551,10.0434299800841,20.0705677414971,2.31782574140652,6.67004101306429,6.55787667267532,34.042680745194,8.6189050109956,4.13830068951575,-19.6755933904492,-3.70092640611347,-37.0265323077065,-18.636738589993,-13.3894726409617,-64.9533454663811,-17.7239577207502,20.6602769612937,-90.7602398658596,10.6552743743828,8.95194738300825,-79.4175800447788,7.04658792454211,-1.82642695286268,-60.9929966141594,-76.7576679044273,-81.0883197668923,-2.65955759939425,-82.1106101158539,10.7934878103556,-29.9228995643589,1.97477987550701,17.6573588411479,8.35743258942694,-40.7191674812702,-78.4416509591092,-58.9689101785902,-15.421632941765,3.12031881071789,-49.1289305451105,8.69387558213339,0.334276930500891,-102.236949263789,17.6321141298436,2.8412364465612,1.17341950277114,-91.9526060574599,-0.688856782468065,-7.48368936530278,-30.0387761363572,-12.0149226354442,7.55863765720187,9.21366704616366,28.4903262471289,-81.1131914299394,5.42429031213032,20.074985787433,-11.1800313918302,-15.9850004414875,-18.3752734515292,-19.3832157675015,-31.5290627369304,6.32062707522937,-52.7410421669701,-5.93299603880678,16.682416438201,10.9755147336168,27.7780257889544,11.381519322877,18.8746518704656,-4.35911837831372,14.4187863605612,-31.9159574197565,20.2148141716034,1.87740788286646,-3.33373635611588,13.2117589964118,18.9240452446766,-151.205938124272,-32.0550067214267,-76.1100192969566,-19.411087480461,-64.4691344938519,14.0123455012304,12.3732284591624,-41.8181625190141,-7.832445367942,3.76528826071535,-91.0661275077728,5.65751697057294,-23.9757079302531
,2,27.8925142795188,40.1766115946289,29.1337663068871,15.1425779587717,25.920599966651,10.2360067483196,25.9593891067134,8.22644261474989,10.4978166368437,7.65991669288451,3.67095027450159,17.9836024986776,25.6283428376705,7.06928694093949,11.9933053541772,5.62466310911668,10.1518470972396,-23.8973589391844,-7.46994415495828,4.61540603284448,-18.9810027191083,-9.89185935621708,11.4835936125314,-60.5407260638699,23.3799039818246,14.5083493151301,16.6339590987009,15.1360534895375,13.8049546997217,-49.0269922343223,11.6338289279156,-74.1629559204875,11.341187837641,-63.9377901594225,13.6917983909584,-8.90876214162472,19.5361743623166,25.302280304094,21.7695499744764,10.8893880047808,11.2809234667857,11.4360675134935,-4.83193891132851,16.4281047309692,-37.547064518465,20.3228921072682,10.930170297655,-26.0769591198432,17.0789406928452,13.2212863415443,9.251805188258,8.74559425541884,8.25305080736507,6.42414421709691,20.2267580234893,0.367931439272979,20.5046410743007,28.64908706595,35.5584211594542,-2.86802393589551,6.27348330794075,14.2599510584132,7.8335195660211,6.87764113898083,1.53685760864937,3.13027254441704,-5.98234934781703,9.82051511605778,-38.0966984108618,10.1086459867956,9.67929362449468,12.5780979656315,25.181440827891,11.8898013083181,26.527238799873,1.8265934840997,18.3648428764891,-27.4765348023948,16.6311446944483,16.9203664694896,1.16198555947358,20.3461850376425,15.1331031125983,20.6823014417528,24.0157797740294,-32.3964488606553,-9.33386211934749,5.90329582435334,15.4502940028437,18.7338161799426,20.2279052182971,16.3641294980848,11.6814046364384,-44.9091495806747,-2.84382077633745,1.01138032125391
,3,33.137554772356,38.359513688637,30.8013509102966,24.2235743187766,21.7706889893707,14.0680324243767,28.7808100537877,27.6925501232927,21.143454895715,16.6204265970546,7.02310457558269,20.9985218251786,22.7880152900002,17.7715575854918,16.2630236501595,15.8508313840507,15.3726980040728,-8.13577134030766,0.270716286669085,16.0528730481947,-11.2805957858254,1.17620250596701,14.191857752116,-10.7361856706762,26.5912112759065,21.6186212834746,18.0828458409869,17.3808096073826,19.058602974781,-47.2970911300154,23.9417353276158,19.2613979977559,16.0803561408538,15.7085612796382,24.8737122611365,5.16790867854388,23.1281826154523,25.9182309115035,25.8120355089281,15.9476623488968,17.8745874372257,11.9615344763697,6.98498440380808,18.7775489401861,20.1702192746802,20.3882065669382,18.9791435533029,-17.2221141361833,17.0676414606069,16.3486818820306,20.4096734194409,15.4984633679869,17.11934931007,16.522671560555,26.3892222420473,13.0962624419408,20.1801914839707,29.0060653407436,27.9620936955398,8.15062350690232,12.7508076111549,20.2121351883807,16.0585014537314,10.6465170700376,8.78047471455375,11.0579701741199,21.6951499784309,20.9727395188952,-28.3121034025985,18.0292659602228,18.713903958183,18.1911146730808,27.1754511171612,14.1234768139489,27.2302500546757,26.1390078678824,18.8970162701035,-31.2340120217905,16.5744612267281,12.4625488914025,7.48820986023475,23.1611110841104,19.4952460136064,17.4638607284264,20.942763121398,0.894336920641763,24.9665774211462,15.7116649268442,15.0245082432339,24.5440438829128,25.4837027559752,17.1158216626745,18.9287890937467,4.31298940406214,10.2778669817503,11.6876736808008
,4,25.5703909593785,19.6150459258224,22.0451942001191,17.68014093485,16.8066434594175,13.7979275734533,18.1963784155914,19.887210187896,18.7930739679396,23.4260550893259,18.1974059095623,16.5118762129359,16.2312595688954,12.2052885683579,12.1490717767374,12.3588313143905,9.84425291429488,-7.42287990306431,-4.76363742973626,8.42022788934992,9.54039222229403,6.6085506436616,19.2153912231774,7.6188427023335,19.4348710485751,18.6631171070453,16.9832700669213,16.1965919210907,19.0674327857732,32.2037962899067,18.4434191721148,19.0024190784889,21.2424048747798,13.2367831401853,12.0046703605931,16.7102354602621,14.840645808923,21.0427828912443,19.9993442787822,18.4182751029493,14.1908514764064,15.6033328597823,5.43541767283932,17.8421202914833,18.0087299645807,20.3896348726576,19.7478346426637,9.12863649176097,14.6923902741923,14.640918430594,13.5497167081867,15.403592276135,10.2020903697839,15.1494467454295,24.9011808941732,8.17420452450096,17.530497605896,23.422438277019,23.4694473721511,11.5230220358799,14.7097223628275,15.4801969793789,11.3799253534439,12.9576748897052,11.2686531102399,9.02440802451929,18.9088695718001,15.2390831922376,23.888501973744,17.59302040272,11.1905190881062,13.5815808491379,20.0369391960908,19.8428778336461,24.9375130711924,19.8827379149361,18.4181150589093,29.9493538127917,15.9135090835989,15.759901286614,13.9594449874839,15.5684267884435,20.0737609565904,18.8610420609839,10.2640982683315,16.1566364527494,17.9749262842238,14.1682308417762,14.4836145205441,16.7019335596469,14.6560158672014,18.9478287690731,16.5583209615129,11.3078867273498,11.928181059599,11.7204039676853
,5,17.2401888286386,18.0495133527847,17.4315861648261,15.8008642324821,12.6443136251455,15.2255892370376,20.5729236135485,17.4180052641932,18.4123177230267,13.0147404772156,16.6358579465541,19.7405052423937,15.115300197544,7.63739354749487,15.7245584705352,12.4155032703466,19.3121757030158,0.321553087004759,-5.64403045297058,12.2756077724171,17.8741990356712,11.0809718922796,23.1353385553834,7.80965517935692,13.6981330745375,15.0113046230299,15.9493655134111,12.9349874947429,17.3039697404702,32.4118713786029,14.0210196076087,17.9810483679448,15.2320748500088,10.8188876137701,10.8079057448572,11.2704448106824,15.4393278390639,16.7714934238779,14.9366446773461,10.0844483061487,12.7552675446395,15.2626839780341,9.59074370982489,12.2941339225381,10.905977067101,17.5793649292318,16.7319503755652,15.3702564246341,11.9759361483461,10.909658545168,14.773006292191,10.2903602336237,13.9975283679732,9.47912979097146,18.6832672073115,8.99658537459436,19.4286790178694,20.4543394109351,18.1888169617414,12.3971956972428,15.7224061310658,7.73827272753897,10.0784238978276,11.0508145281515,12.2602397511719,9.09469259534717,10.6291875609836,15.1809758168383,15.6160540862616,15.750234813027,17.1913406997223,13.4539109570646,15.8025107121325,15.664548909936,16.3751973459966,10.3402481768426,12.5248784551441,26.3502622361484,9.26005007167714,6.83472678399994,6.14497486825712,16.5716087026085,7.88998813901708,15.4877128508406,16.1315644884648,15.7763766451608,10.9688349918847,15.5413072760971,7.55429292928829,14.3126238210953,12.2776981931302,15.7592926263442,15.5799127158766,11.2318299640515,8.14957753051385,4.16969237829471
,6,6.33472982059584,3.06512636911884,11.0039256115747,3.028057330921,10.1394830334566,8.01737897610656,8.91309930256466,9.11421514770518,8.63704343855443,9.50462906834036,7.85908004400835,7.9079601166809,4.52418917774912,4.24080952124086,8.56291991288072,6.37404462869154,8.08106135740945,0.142849487598141,25.5713590015857,5.24923144753484,11.1723146648878,8.19361079549117,15.5946233067621,13.9429762702794,11.4053219536704,7.78467890988759,8.3062814677869,9.6749533916236,10.0991504230742,24.2879242068821,13.544011079035,10.8746925599316,14.5456046414611,4.74710123107161,4.64334924842842,8.40898388378173,12.0945213975883,12.264508315895,12.2006112142171,12.1365263421058,13.2933938312945,13.8848444333839,6.58280784084036,14.5411717631046,15.7647296630921,12.3377616095599,13.2575099937985,9.3236527120639,4.59427027825586,8.44101068247755,7.21804019240699,10.4861864921295,8.38158097299856,12.1800415795387,19.3530094316129,10.4244181095391,14.5719685232161,9.11392419862659,15.4842175105268,6.93825678726216,9.67812910779912,6.20175420765918,8.92178024211535,8.21064445179309,10.5962528353994,8.31044260304407,10.1442934425031,11.4982596643067,14.7195534326224,9.11184501171556,10.6795125172748,10.5533764686411,12.6337310669996,13.2481408333065,11.4686783945808,11.4708176405429,13.1117059914422,25.0777219927595,11.0715379066869,12.1581327330823,11.026633165252,8.28245378558313,14.2648107212317,10.2484063912557,7.45086949724055,20.2352822796083,9.51102971875071,6.59903608015111,10.8247754441754,5.76130693274536,9.28406329886639,10.9945388000301,11.5020422486077,12.1152531346679,4.81929222875624,10.2357251507724
,7,0.0405492800191496,7.12332317928394,5.92803226371416,1.52899147243807,1.66432727921074,4.98792496331498,3.02007314527145,7.43288210328956,5.06118884431635,2.12734390069272,10.4231200352501,8.05817797834288,0.658887883901571,8.29324188564988,5.65655691455731,2.05045735824388,7.32177890845469,-2.08924034154279,17.1191956146995,4.83073712306486,15.2328574511821,10.2717090533961,9.16830786396713,10.7804423422731,6.37602244542541,6.14149061420449,7.12725810463871,13.2073969122375,11.5138349210056,24.2310258716598,5.93994748589466,12.4811244689799,12.0818888065123,6.42785610067585,-4.16548469877307,7.05581108642991,13.1632372066715,6.70349693245589,6.36003877782923,10.464284919417,10.83123717136,7.39107215904278,5.24299473361771,13.0787491283486,6.64816130402414,9.95760889696248,6.32315047278053,10.3972273797176,0.797160828123651,2.7622989816582,6.36337923371775,7.14532322242758,4.43448722458379,4.09028736592245,9.96538980567038,7.09199106184496,9.46382994798478,9.52263900637354,9.03121624938194,5.79978739880289,6.03467279395909,4.63520493712031,3.45202835740974,9.58722945148884,6.2346442894459,6.51216376689263,8.23669693940838,7.08965499548776,14.5944286761887,10.762363308334,10.1471425136579,5.38932990914782,5.41483738354827,5.41395111572592,11.0279749200708,0.533020424378265,-0.825862207974751,14.9067065189629,0.184628206665366,7.30580818500493,3.36745575151872,4.3158732156453,1.67315285413679,8.344490462664,8.72780767980157,12.9144515425814,10.5195219016009,6.7082408149804,7.78403512414161,1.83210024939581,6.45705397159463,8.99933696068319,8.6286217412262,1.36510987761858,5.33707845605295,-0.983809091695548
,8,-4.38120795862642,0.292208516210849,-2.44110684905354,-0.383518883077159,-3.45255668867685,2.46378468888088,-2.9059698543997,0.592548147783418,0.428364494347989,3.81233860758311,2.68931380511185,-5.30871801593321,-1.79229918967576,3.66485632846161,1.82407043261628,2.50599033927301,4.66295509134034,2.22976374144673,12.9980848579944,1.78992715459754,5.97311865872734,6.50844495164893,5.96888652046118,5.6791885896173,3.62783271542776,1.18063778886881,6.16403442468527,3.72163646107219,2.52620127234241,12.193268024449,-0.315498978957294,-0.942138729774342,2.21251093821411,1.57028189689572,-9.76063653500296,-1.55843242818537,0.149991959375257,3.3183568353561,1.30150399189279,7.47272214438226,6.61410609778795,3.96659504295121,4.697420416368,4.93318237130688,3.15129795717849,1.60549852661779,8.6610470394121,8.07437076395718,1.25290107727869,-1.18691654423674,-2.2004321870163,-0.19899539861035,1.34582680648418,-5.83545702245374,4.56706538236813,1.99119781084846,4.72845664875786,3.03693703555382,-1.08241140186146,2.07875523987059,5.00169358876656,1.45925688446641,1.35363512777394,3.05818611861514,2.34145919387447,6.36334795210951,3.89125597751035,-1.2044144329584,7.81207832262862,1.61783976299375,4.8631597224412,9.06435238067525,-0.287073489129398,6.86622450019922,1.6823038678549,-0.408112172469373,-2.29840719664116,6.75100609174478,-2.99482681337122,0.186234844692081,8.1630189602065,2.31397730690333,-2.04160124990995,-1.76746427530725,5.90041515161784,5.31168468429951,2.75636319992191,2.96116529201754,2.62101225297647,-3.70550127853949,6.0025913714062,4.65918004364494,1.88674498862247,0.570594930843527,-0.0398843244124691,5.10017498110983
,9,-4.64634486694013,-10.7294010885921,-7.74367450959016,-6.42016012729073,-8.5390059274896,-1.68772720338529,-6.54131162116209,-3.32800442422922,-0.850621192039398,-4.35634386728862,-4.59489533983924,-6.35647445505492,-6.8558139903248,-1.15765021410425,-6.21145558529724,-5.36855439666579,-8.48012369751359,1.02041491405453,7.43251403068371,-3.7318351614922,5.83809454515222,2.98472267321495,0.866653581917944,7.38948056754953,-4.48049550526821,1.33534989091277,0.91961861382697,-1.59470532673367,-5.23692696442231,5.81157196362528,-3.57210498725635,-2.33751365291937,-0.162063233673507,0.0407247079911031,-16.1818740083636,-2.40241438458452,3.69943207391179,3.22132674578643,4.92114334860617,-2.49491116177205,3.92472994584114,7.27570915540991,7.78275459989709,5.64923543079794,-2.20841798291031,3.08722824929873,-0.445253471347314,10.7092073977942,-4.93890299726172,-0.993617500921573,-1.52185664758508,-5.29215760889201,-3.72332550697865,-1.56229728252674,-1.28847393937303,1.0212623347561,7.30456517349558,-4.43138072514466,-6.13215787793615,0.215095787225891,-1.04865871510447,1.21835803569593,-4.00134673063394,2.066079298163,-0.249761832357763,4.04907751168639,-3.25002732285293,-2.02858909786573,3.17544983130756,2.07041381008185,1.68392344651966,1.51898216901509,-4.0132673222588,2.78764100402077,1.36976213272192,-1.62272681712238,-6.83079310261201,6.51202515359455,-2.62165928963168,-6.29860201114479,-2.3377386730017,-4.20661937893783,-3.49254927666789,-1.53193891935462,-2.40531445500073,5.30805825499874,-1.20492659528918,-3.22848682562153,1.33845152592676,-5.1917318570795,-3.01731204041471,0.439749932585528,2.10005011862268,-1.86411214388227,-5.08508732537848,-2.46952782198287
,10,-12.7526608018679,-18.6821291610386,-11.1359882737497,-13.3846141496597,-13.7792391450294,-8.89550787611097,-11.8803342949304,-10.7643567794848,-3.49060882569574,-12.8098576035272,-11.6503485145759,-13.3933218751995,-7.28845975481909,-6.75101385942025,-5.13322214425898,-6.74536359021567,-10.0268642496385,-2.4853686957149,8.77374536561911,-2.32054765398971,0.0683855689944721,2.09515721120533,-5.89979053076286,1.8505648144519,-5.69612744679034,-2.36962647053315,-1.24389902682924,-3.39700118530982,-10.352630070508,-0.604848526971182,-6.00941077495918,-7.61734759209412,-6.76353092632235,-4.75685912372683,12.1275970473653,-1.63816485804409,-1.20993997298319,-6.49093574292101,-2.35076906326458,-4.37472091890868,-2.26778686675971,-3.50135282811152,0.0308743056311869,-5.34094589201641,-8.78587235208079,-7.50444455269508,-5.97129715436449,2.00646191941087,-8.70741537095819,-9.19501016979848,-11.1283486111688,-7.83012916900589,-6.57823907195962,-3.72381636734281,-8.92570929829344,-5.20176549660118,-2.74347489832689,-2.28603892175124,-9.80959722008993,0.183029159525631,-7.62059236687173,-10.9666164227187,-1.9245372092937,-3.92927056639746,0.819841451627326,-7.22400210870956,-4.09095080462112,-4.88390109932971,3.65646115728396,-4.36030267370552,-1.41016663516984,-0.133867684657162,-8.7600668974269,-5.42527159858173,-8.72989781507385,-8.27339932089035,-5.48207802597062,0.967816546085487,-8.01381595152725,-5.98403415571829,-3.43700524654469,-9.56406687689105,-4.85922383682191,-10.0316589416361,-0.48150213439385,0.3549816972386,-5.84474739050847,-9.28004294725997,-5.91935846905199,-10.1704567554393,-6.97201497951801,-8.21683797843525,-2.80784673442076,-1.53268159585878,-7.35146020412412,-1.3989587684373
,11,-18.2300227193159,-19.6567219613962,-12.3587827570027,-15.3540614069943,-11.5126109369485,-13.8415639692685,-14.3133108123329,-16.0838584609764,-8.29902471330934,-9.6690311009761,-9.64989970389661,-13.2401410752523,-12.5828813460894,-8.72876487605208,-6.95993793589378,-9.54050162190242,-10.9399622875353,3.89392145518377,-0.662017645411652,-5.64172369476273,-3.10992947779459,2.27035260751791,-4.97552481823186,2.17331073502237,-5.33363659518454,-0.802573120705347,-4.94518945698019,-5.42162902797463,-9.13104579227456,1.95711261028373,-5.14659340902745,-7.00765348938967,-10.9457435094919,-8.04189962691453,0.325962837084262,-5.16988563330688,-7.77444339116573,-9.02610673715026,-4.87621683167981,-4.21697216898474,-8.22320373973798,-5.02376540352861,0.939848968978367,-4.7238641206045,-6.24159945374367,-6.97564604677018,-7.80339783487625,2.68955695631394,-10.6207707267599,-11.4786089225099,-7.66920940675573,-6.5417021085641,-11.5093784281316,-14.1777622648833,-10.2529625594852,-5.99472385075114,-4.3145097525794,-20.7749194912167,-11.1072947916937,-12.4926688341798,-5.2795679021674,-9.03297423698086,-8.141461503747,-10.0145602844004,-6.06209360068624,-4.51160626344426,-12.4227658381719,-8.6209827350558,-3.57606129921533,-5.41268367056455,-4.58223627675943,-5.79443880078134,-9.37859515959417,-7.31533082946135,-10.7969136115616,-16.5272126644295,-11.6756707640152,-12.198696508477,-14.4286151951446,-10.9916085190862,-9.35848389204511,-13.6864821112777,-9.43172733201845,-13.9563526002967,-3.60287043438802,-8.98728056354184,-7.69764235338744,-10.7319614765124,-8.24782343070001,-11.3092177732078,-12.7267122376416,-11.0100604836093,-8.41100115254949,-6.87825271304337,-2.38876916637855,-7.83098964455576
,12,-18.0815572072142,-21.5489952270309,-15.8290781147489,-14.8657896974664,-13.8731625745522,-13.3064067089545,-19.6644309865605,-14.2418846101054,-11.8837021593308,-17.871796848533,-15.2976873930056,-16.0299764384808,-12.2653763333669,-8.41999386990665,-9.04808108589168,-8.34007927468701,-11.406777170695,4.87198964547588,-4.05030253691348,-10.7353438886239,-5.32861616401306,-3.36391324638544,-1.39624830433058,0.5509539165555,-9.97851982632983,-6.16287859000022,-6.45019056712772,-11.1784368429662,-13.6813657982793,-11.9630954260001,-13.390353368718,-13.2448411133528,-12.9462983437206,-17.741198970125,5.06941769208606,-12.0799320886622,-9.23963446507105,-8.05223723230665,-10.1354427073597,-12.1539860519965,-11.9042932672073,-12.3946583094034,-5.14194080616653,-11.3877512891208,-18.3638865688645,-12.7557518663966,-17.2322800467114,2.66226230105667,-9.77522837481774,-10.4124136059118,-15.1198182553753,-13.8896715148358,-14.5744280753133,-13.1576453643393,-23.0411112377033,-6.89254495499699,-15.2959842626597,-21.4154754414967,-20.7770345543449,-10.6437396094861,-10.6148233448885,-11.3987506830754,-11.2158828410898,-7.20275437237069,-7.64571845899263,-8.21224698127753,-12.9083208470911,-15.26108793811,-4.82792591866837,-9.71169937266905,-15.0879528040459,-10.6136602006613,-19.2375863978991,-11.4277725951774,-19.7127629308843,-20.2060334276348,-17.9897362758447,-14.6271452591163,-10.8940229436739,-13.0946962324742,-11.2444093036247,-19.1228666095094,-15.0299465003345,-19.7210421477484,-12.4022548305556,-9.49731853455796,-13.164440096476,-12.788187371968,-12.36312004614,-14.8015633613168,-11.2265321888617,-14.5273309700788,-16.866211139904,-9.76635011107646,-12.2516404887579,-6.60136905525906
,13,-27.6900059090653,-22.8687284541502,-26.6252761534506,-18.8500039943729,-20.9037611612321,-11.910234538771,-21.4318522901094,-22.1551648598279,-15.4747296596897,-24.26514264757,-17.2706868385221,-20.2589446438092,-15.8829019453751,-15.0685641917548,-12.731672871927,-16.7389765432795,-14.1400440655634,4.14837105711194,-9.54784609090348,-14.0208657567182,-6.79100510376838,-9.33087289690002,-5.97188518125722,0.0144161584316862,-17.0866548590625,-13.3005503151489,-11.3112780745032,-17.7028366680315,-13.8978610586973,-12.771260667163,-13.6755204921856,-15.9389560160016,-14.4648957284435,-18.6777602518669,-4.89828053995916,-12.2135413006563,-11.760695814045,-18.2163022284726,-10.5111693866133,-16.3381208365336,-15.7361180349371,-15.8279282050457,-5.52489248111578,-19.726399798365,-20.647991330226,-14.546221416143,-17.7546404444447,-3.4022382918838,-18.0825236544383,-12.5697179446124,-19.4195090716821,-17.1936079385659,-15.4493839983525,-18.9762036797638,-22.6658347237353,-11.949246875829,-21.8114227614906,-25.9632724636822,-28.1256258280837,-12.2706988134014,-13.1035059493502,-17.4610749383787,-14.9927029623109,-1.88525659216157,-11.9040292917616,-10.4861259064824,-16.5789094352594,-10.5768410942283,-7.11088137932074,-14.5818119993164,-13.6518867369077,-15.0175810964852,-18.9148932785452,-14.0975832067593,-20.3262498096992,-24.8364683373793,-20.4689865988585,-17.7563075836561,-18.8381876182866,-14.6368436655112,-14.4628233142757,-21.7770628033713,-20.4617095293752,-21.5220908706419,-15.201550161556,-18.226679462116,-18.7037989353043,-16.2558126195145,-20.8877544669476,-23.0428437580404,-16.7626655708791,-22.7675521914875,-20.3329636746366,-12.5024688921499,-9.18569398532645,-19.7026401716739
,14,-27.7264239014444,-26.8139482451334,-26.6780248851046,-20.793176877206,-19.4146433413862,-23.625717562687,-26.1265721823211,-20.9170580449318,-22.8862685428448,-22.6378020264797,-19.77918547842,-19.1729661676841,-17.7219382939315,-20.9238493500584,-17.4899683357371,-16.3674716350001,-20.6412401054413,0.722568017348749,-11.7958688736362,-14.5688128211887,-8.19640961200048,-4.43802538416548,-19.506464942172,-6.93065987090995,-17.9079434147029,-12.5895252462424,-15.959340814311,-19.7933778744909,-23.0086471432269,-15.6125435462591,-20.8707249364088,-21.2719545628224,-22.0384332088634,-17.7975574415896,-5.59511650016793,-13.6036236952286,-20.4559102557187,-20.3978681436547,-22.7507244464591,-15.9974829051594,-24.8862944530601,-17.11455324085,-13.2782425229616,-22.3038040576407,-28.5130816581413,-20.8928560144154,-17.8667646623198,-15.3513921698213,-13.4121509619295,-17.6427525795489,-21.3377604050893,-15.8945176547186,-17.4102642739517,-16.2754319291516,-28.8964298973933,-17.5269991300374,-29.2329906873401,-29.628843329896,-23.7587532135931,-15.2865030173225,-16.7836229503782,-19.7617657991591,-18.3058924441584,-6.39445937001983,-17.0779733090567,-14.4126335923688,-21.375636002274,-19.2947833259977,-13.8576759032012,-21.1951891048811,-19.8358040913527,-22.5579334399927,-23.832646289301,-19.8530220041093,-26.6269114666702,-25.2840606833133,-17.6736156634797,-23.8267825752773,-14.1497300580531,-14.4929706502271,-21.0413566263242,-22.7326515247223,-23.2867153594962,-19.2708002120885,-20.4265279013171,-18.5798738563617,-19.2819588851494,-20.3366544205901,-21.5869236043645,-21.6204643505239,-23.8198793534661,-24.6155359682521,-23.0194427993911,-11.2511442252026,-11.3610958121444,-6.17174848317427
,15,-25.7857911560668,-21.5522604800735,-24.1098107684247,-14.8979244355487,-15.5654182934386,-16.7646428061926,-21.4434178437059,-26.4167029641103,-24.5069977689454,-15.2335902622481,-13.6060788460591,-7.32970672136207,-17.1368685754696,-16.6672898436277,-20.7039425747266,-19.8539030722227,-16.5546338669228,1.45513106841736,-10.3692044095587,-14.3744991195254,-17.1006015636108,-10.7374591084035,-21.8376653732312,-10.6507278385466,-18.7360662784731,-22.3738637597498,-21.6917509944833,-22.6009385075176,-22.3343216734738,-22.1275014650628,-25.4292247475041,-30.7907793735549,-25.5720973512334,-10.3124672980493,-11.3738092836411,-11.2559371548155,-21.4684299989103,-21.9292181203432,-21.932560964241,-24.1792212198948,-28.1944690705959,-27.3721809642993,-17.566750057792,-27.7939553904512,-22.3756927829504,-25.8797913608996,-26.172385749564,-10.2472333849605,-17.2794282966447,-16.0314518498644,-19.3453321979996,-17.4135667625014,-19.7608658807867,-17.0237722935017,-34.3718947203743,-14.2284327553707,-31.8882649541865,-29.355998574857,-31.9259496080358,-13.74907692332,-16.6719435366649,-20.005936901141,-18.4835005706041,-19.0603368900038,-19.8401130151879,-15.6506871270399,-21.7370455248902,-28.6381347615188,-15.9598540603783,-29.1701346074201,-23.7513895749989,-20.3411080530204,-25.4576352232621,-22.6458853665295,-32.0672825832007,-17.7343039396146,-19.8809567358021,-23.8707318820589,-14.2768291601678,-14.2252990656725,-12.7624484731095,-19.5273454516373,-22.2951670115626,-24.3600384549836,-20.7705041284075,-19.926484099241,-24.9149162935446,-18.3004077759156,-19.7441717452311,-17.181685922103,-24.3513320057054,-24.6049249040648,-28.4998669465263,-11.2694252207311,-4.88105479618571,-3.42571950151751
,16,-18.4984704857293,-22.9564064618708,-24.0826492691804,-2.86808656310404,-6.60776121287836,-8.40798577327314,-24.0462136725691,-24.2549770973637,-18.234616612529,-11.3419716311028,-4.72833357024683,-8.71198239174873,-15.9883212064897,-16.4341392353444,-17.8215349674574,-5.10057166055913,-8.45165410899699,-1.9420415265713,2.56764452120842,-8.70250064832271,-10.182371597668,-12.2154738337349,-20.9906328265906,-7.90769858471003,-24.1283687395094,-27.0738821216428,-21.5006199302607,-25.7413604522117,-25.4370726006218,-22.1406902721119,-22.6319097730939,-25.5795949497979,-31.6718790542027,-4.50042010102698,-8.53227993217388,-3.37762085426311,-26.1908463666628,-21.7943668247731,-23.4570070391665,-25.0311322593275,-23.2265990546839,-23.780612821738,-12.6478615207907,-30.6971610877167,-28.0950383172703,-23.810684329404,-27.5294846747474,-11.4942462401391,-5.48335416824966,-6.66844721884718,-3.77938000348149,-8.01447015218855,-6.05291945969748,-6.73685719794867,-31.5056763720768,-14.2437264221926,-30.0535046818986,-26.8806236676637,-21.2615262923227,-1.25285462670263,-11.8584944855215,-10.0661714791936,-6.92818337116069,-14.2488417515488,-13.3002184537399,-13.3301954868566,-23.0218092750711,-22.3303916194936,-10.1391591214388,-24.8977429955594,-20.0084190844191,-20.3478815982335,-23.1307149505765,-26.8473758756591,-28.9952373300885,-5.16618887355344,-4.8081159887679,-12.5877627046002,-9.03382779932235,-3.91809148073389,-9.94238553917785,-9.61054124361999,-9.47720088085043,-1.16823876253648,-21.8388668489692,-18.8828242943141,-20.6672204567849,-6.11918694917495,-8.0590067017406,-7.37038293029673,-24.1764069295618,-19.2739741535188,-21.3380367620584,10.6070550171112,6.69519567750831,11.2776686666302
,17,-13.4248873919973,-13.7487441705034,-17.0290795215506,11.5349469709954,13.3970706045111,11.9273639300773,-7.04551790501409,-13.3617796746712,-18.4199140256023,18.7641384019907,10.331986676304,10.7065330956166,-9.03703528011556,-6.90235735878423,-12.0417229004156,14.3915710268129,14.208743030058,-3.36086738091944,36.1706478810738,10.2368849670611,5.96835370956887,-17.1837033875158,-24.868393372531,-12.4904193438078,-28.3569547543743,-28.9288022491273,-29.0040248982714,-22.0276284342226,-25.1145687823109,-26.5631210885958,-23.6141757012247,-25.1454111107705,-24.5685614182748,9.11294815687233,9.00815704354227,8.76559137658114,-26.5822477701508,-28.6438217272585,-28.3000309943131,-22.4581448914473,-26.5965914944809,-26.5948783018957,-9.04739820324994,-26.4836559402347,17.5032118007202,-27.1764417427012,-24.7265648744742,-13.8521257761722,11.484756546894,11.084604544586,13.2773867888318,6.5300641914082,12.1293509019597,14.084346848892,-28.0802597391912,-10.0869288762669,-29.0398223720294,-9.91362215492154,-11.1429606611046,11.0661970102451,24.3489262425919,14.5736356716034,10.1936046750138,-10.5868964050942,-7.34617117840207,-9.82146880866367,-12.5373545778284,-11.1404171707072,5.2826432721231,-18.7786212810656,-25.8002180106687,-24.1985459525176,-21.9396274747487,-20.6330849338947,-33.6963120660448,20.3147171136034,16.5401923500185,13.6578211030828,10.5022991968053,9.01062128093872,10.3401558694868,15.0192027792382,15.0970117871802,15.3400823142861,-21.9544570025259,-25.402487264992,-19.736657549588,15.215612799067,15.5928003129252,15.3424288215224,-8.36693610410885,-13.1069961202529,-11.0810118306658,43.9512212022473,42.6447437793654,38.9997320917064
,18,29.7785572798202,30.712341986844,24.3557118537528,72.3884913955735,70.8364250369714,68.6875348875692,21.7486149942679,25.2424402335173,25.6892484023529,76.7752055510136,65.1409083016224,75.6533413821621,18.1684632206689,15.3798459261429,16.7799432190732,58.4616838719217,66.694978056431,0.189087146232851,114.662442044544,57.5821225222016,46.9873348220121,-16.0785051096746,-21.4895646955588,-14.4572468624442,-24.8036767262702,-22.1064901776817,-19.7859553185672,-8.75485364317774,-6.06040510318417,-11.6100922029054,-6.62517734370067,-2.77228785664465,-3.74113776784907,61.3823795119979,46.8466818678626,49.9578584432616,-19.033456210535,-19.5380274611721,-26.7676867920877,-8.98871293616958,-7.08368925434297,-7.51158134308116,14.7945327044372,-8.97924652389702,33.2546690464292,-7.10713559069518,-4.00667046077524,6.33248454282602,59.9462652465277,62.3575326628161,71.3446732348793,71.4026528436016,65.3297708064147,63.7600208195663,-8.81456297942714,12.9065566429044,-12.3298736471988,32.5010197213369,30.1422997786185,48.6092094839132,58.8736374425775,69.8655712879213,63.4611711057491,15.1183853893417,19.3521991373682,17.0860549916597,25.0780635865158,22.5806824652536,45.4425870050418,-9.29335304806409,-6.17189917716223,-5.54689481361311,-5.14656318045763,-7.20000306431393,0.35264182418814,79.1167581309828,69.594849076826,72.159274696719,63.9413206130066,58.834230798062,57.8045996146129,83.4342967723414,78.8806414852752,76.8662686693633,-2.13211436437132,-3.92800046857064,-3.81112463333056,66.6633077343477,68.2925835580363,74.7771433284011,24.3585708911014,22.4473840645842,21.1118934999913,112.559465545553,115.202634305284,117.260306125948
,19,96.069620106703,96.6573215119097,105.96905894931,181.407461727314,166.847536043104,169.511457928474,92.6211234169687,97.0796836343916,87.7605080881885,194.412362193177,161.912152316656,189.975610305763,69.7779121479371,64.2078575398264,72.0684324386561,153.144771572538,163.06001829466,2.85690722303025,260.414897919958,146.7442278202,136.738697480377,-10.2965288815371,-30.5606158280416,-6.88455536826405,-16.5742810223919,-20.5068950068171,-19.4710651054065,24.7667897283518,26.0662785835448,16.6140216699678,26.7861708200408,21.7373801555286,27.2801269039119,155.495607731192,139.854033436482,137.922407653078,-15.2203676344307,-22.1971290985571,-18.5220667950884,21.6691007414006,25.9904249872779,22.714362528377,46.9127931941466,21.8345802519416,61.4876660287141,25.2611234705832,25.987940948241,42.705270172095,141.235274286617,156.603680151629,172.766072463082,176.384131148781,159.885588521503,167.605518874611,29.0570700727503,60.1191908552109,27.3099692932328,105.798009095037,102.939778696208,117.350066657597,131.06460915905,161.45587035716,154.14382691993,58.2869021372053,55.6389023882875,54.346298926841,83.2971735261181,83.5147865153494,117.877736044348,26.3040503501556,23.7175873049264,20.1724164836933,29.00596069529,25.1671245094503,29.0716068710117,201.027981271941,175.636031200723,183.584938302127,148.048077230706,147.506387572067,142.538950851188,202.852552642912,211.884948259461,201.186102060278,25.2999269594752,22.2778329242228,22.8519739834701,175.898010079898,171.090844989828,176.977350786631,83.9460092699946,88.9920345268329,90.7347696775209,252.479863955955,253.430925567698,251.650245983917
,20,239.874261579366,238.998709301543,240.030897578611,395.960925140772,375.33065910101,379.562176438524,224.43340448213,229.777616826597,217.698260102271,427.534520076497,358.77478098029,419.059047416883,164.267558432959,155.13998028067,170.132110815498,340.25663039522,373.634410728544,3.41356950693535,556.337837150838,321.843799194543,308.905448555577,-3.6804964159428,-14.7717786605549,-4.81301807646423,-3.10844155099903,4.23116519605446,-2.39321571132677,86.5930381856806,89.4545758830227,80.9749381544143,88.805107374601,95.870296342624,93.0864989726615,346.796931352263,306.812130430054,304.885189438992,-0.900131732612408,-0.299508409250393,0.520543863208786,88.4236932697231,91.8760245870071,88.4847981310331,123.738816709658,105.87159327783,144.916125181314,98.3662030753935,93.9332325960895,112.798246074279,312.445576797414,351.178820974294,383.41621075449,387.319323602891,354.903503363371,365.88041835397,123.728047929812,145.545304353928,114.812248511997,261.865038029398,251.198439892644,270.648996682184,295.081086557074,359.774900542177,337.322263981681,148.304473524231,154.468522593389,147.089442390849,208.357319941721,213.169906668219,272.873029196278,87.9965987711316,85.9859360135442,85.1174178152128,91.3303834958497,86.4963216720671,110.95030879359,437.094297315142,391.090020782898,416.066178961661,326.664839062759,324.021093263624,312.410282624222,443.983796635518,448.886116050159,431.93430607487,76.2492976887779,77.6526761217842,86.7028757210051,379.796612540978,380.185247473502,382.371876104478,200.621098901103,220.088996242088,229.432097996742,523.957586579224,521.864566805282,528.13970824937
,21,503.899117509386,499.930763791117,502.210885319744,782.821150464533,746.12141847452,767.283315684354,489.02999607431,489.700642696811,474.584562942207,857.633283084395,717.28710461194,849.562417813895,358.197839593655,325.587394900409,363.562322829594,684.666129905201,757.449103075233,5.16463608396407,1095.01551279127,639.467840416354,633.479263948407,20.7167539186789,-5.30627499826869,11.4251158489924,35.9073027163995,27.7342089424092,28.420748016666,211.21507123097,211.906951088529,201.812004045967,215.594189883564,220.131931695197,221.347731088669,709.340785299428,633.579673166165,617.934432499623,25.8783973432328,30.7188096041032,31.0752138354933,214.573848402231,222.188911570849,205.198998077622,265.688113741593,247.475856856568,302.499351085662,238.422896965188,233.192689508138,257.88539247544,640.701824817499,715.327457384025,777.991044285466,789.528938768455,720.756183134786,742.796306473185,304.97302097279,321.725363309044,279.62100169333,558.773356075029,538.315737006996,552.012939459394,610.96667273666,733.898309305329,687.839410759334,326.144697949992,333.51107729286,322.898329948792,463.283683717115,458.130765447388,573.178283436438,214.274483521939,204.952863930217,201.465159965949,229.476658371376,214.644686795927,274.749035706355,875.303826179037,786.856013472579,853.594120012428,664.260348260622,670.621413323463,641.377991626498,897.864113580998,901.763734384965,879.888095193651,187.986029462815,203.515041889761,209.945723931729,774.838018100341,764.242212684198,767.879745309366,440.263870775741,477.346617322965,495.170205768036,1023.23408090198,1018.99002793625,1034.5174050763
,22,1012.86297625363,1004.42114327657,1024.78801210575,1535.11998050668,1465.69573159706,1505.4607030957,981.048490682991,997.415712768059,969.693854465927,1674.23822318309,1416.78909041028,1645.71393555369,706.022594415195,660.720822602827,742.21966220125,1331.62205316719,1479.12890082304,-0.379171076530838,2096.99740151001,1269.02427301456,1250.74236083287,49.6863407358405,31.2196506291511,43.6831609716482,90.4968828614356,89.954467536586,89.2117643391593,460.43713177188,445.354995464641,444.644117915306,465.021682510296,474.811894023504,480.634459178661,1375.41842528428,1248.410131092,1211.76464890863,94.6222521532977,100.258802030283,99.9552250750339,468.606008774935,486.760407103138,451.858960585588,544.957845741274,537.8085351782,607.601392267479,522.134703809297,496.406747429026,535.441964717621,1252.25057256267,1389.56748194109,1516.6874002099,1535.56902762419,1408.20044999903,1450.45473374636,649.443886639377,658.87220185626,598.206998330804,1107.54963055484,1060.72598774451,1068.89425255672,1199.44538559456,1428.33793762553,1337.29041926745,667.27758205694,671.533909692579,662.5640926972,933.485662267037,924.135839238379,1133.13183016919,455.699586957944,439.9358698921,440.360465932823,484.152090174882,462.896341106011,577.972410886541,1707.99911655955,1535.65272578774,1658.8101509642,1302.32683397837,1310.84450408539,1254.57197824558,1735.82115927201,1755.43685720326,1692.32019519773,408.994038729805,431.774430374773,447.036105114975,1503.33825493368,1495.95454979136,1487.99185259967,894.772469692125,968.082417728799,1007.87116618033,1950.37904038701,1937.05754961107,1982.14537351021
,23,1951.39024749454,1935.12403703564,1980.47667140605,2865.26435193975,2744.17726757237,2833.23178686306,1898.69815208956,1933.01221186061,1888.75541703647,3105.51747054144,2652.43377737366,3067.92051436289,1385.79623877197,1290.75209542663,1464.20805643179,2506.16474885083,2775.55034234714,1.74063269446015,3801.16039783282,2393.53135441901,2374.47051048633,132.466892688191,104.969097575314,129.003642457757,232.502973216022,230.025038139766,232.80743623339,942.414032811667,922.296757764059,919.482832191708,944.813535051477,977.271970177449,988.423236310901,2597.43114482152,2385.0027955871,2300.51910797365,222.499884457696,244.17808295323,239.756952577879,948.507612713131,986.79531736116,915.424523417852,1081.73367001525,1094.24203812326,1178.34339089347,1051.69326499652,999.645113816852,1068.78286173618,2365.25624011056,2619.59974622675,2852.21939543401,2884.67601224646,2663.13416967028,2736.27150007646,1319.4625386027,1310.35356216956,1208.45611342433,2125.8693573418,2038.20903197475,2031.12274296656,2264.7240859181,2661.35178466452,2513.15556226571,1316.01677652212,1311.89524169761,1294.45927200903,1809.98730188378,1792.65412161843,2163.03668096984,937.110689705167,895.516991367806,901.904669261198,975.933274911079,942.773016279013,1164.81690742889,3171.54643356065,2871.70426383355,3091.55207686177,2452.9431567505,2475.18357514377,2379.30276861376,3207.18035119361,3249.27998532113,3117.8215590303,843.531166963023,887.624815114281,910.770935756069,2787.31543740035,2779.77753116522,2745.66647644863,1739.78384533121,1862.20109545481,1929.88290024382,3530.45783384497,3499.94973790848,3572.22890760151
,24,3498.86160157232,3485.23096708256,3574.42987074906,4942.79720290926,4758.05982698886,4905.5790608758,3417.10224390643,3478.57477334702,3420.583395062,5286.74682389754,4610.7994700799,5184.95499655827,2536.12990806148,2371.37789680982,2674.05243739979,4342.50922478634,4795.57174876583,5.34416976763714,6225.34139034917,4198.02926881816,4161.53903224018,285.075927763075,250.414677764871,275.63612331168,475.946823759924,481.703966042301,486.3037199147,1799.99244264474,1755.83418818835,1757.26672823962,1811.02290913508,1846.80327443069,1876.18884285464,4539.99498824105,4198.77538722356,4052.06326280659,478.153623452977,506.594829708552,500.435316790324,1799.79146763569,1879.01875515635,1746.65473934587,2023.72049813986,2067.12662470732,2182.75403765263,1993.97134164443,1894.61160481098,2007.20610344361,4148.67361516455,4560.94293284455,4930.59309196299,4982.01297030861,4633.72840341337,4769.60848253117,2471.17313779777,2425.92845221745,2285.29743571981,3777.02609520851,3630.48376479501,3583.11919815545,3952.77001449622,4577.44492686083,4366.55676174004,2444.85677653411,2431.18612949034,2393.94355967278,3269.1449493248,3252.35984505829,3845.45197807434,1781.04611987368,1723.8863371065,1713.65760340873,1855.30240205275,1803.31086887281,2200.21869009883,5377.82779939466,4957.45831496454,5272.90286238836,4316.40690982474,4325.82344319479,4191.49230385244,5472.64958280731,5520.89562666748,5253.09479161382,1609.94331107836,1682.72572529203,1726.66068002862,4758.38075990958,4735.88881086159,4634.11016096715,3128.75892077864,3338.06986812112,3440.32049012214,5783.9778208614,5750.00433385612,5853.58647921276
,25,5939.46692918166,5934.25799191925,6100.17244469633,7884.38861492819,7659.58133661049,7870.464413045,5868.99480446621,5949.59396293945,5888.79271368922,8225.88959044229,7415.10070022365,7980.01159195647,4476.10987051962,4212.68497918494,4720.3219222488,7014.92166905818,7680.82699683115,4.68803701616253,8988.93260261179,6934.0687316526,6844.71509590102,580.535662316793,543.54702469008,578.301761836451,970.05815278488,974.496716413274,978.348935345978,3374.29935073367,3294.52186451631,3311.93621957704,3398.87674270177,3455.86590781862,3490.10704598888,7398.51600337351,6962.30653818765,6680.2393687377,956.911920973758,1031.06012935468,1019.60050024219,3347.23491963412,3486.22106281279,3262.05558303824,3727.87321723748,3802.09640408954,3970.25283713649,3671.62571778619,3509.35529987095,3664.81433347511,6803.11315489052,7386.98950307947,7897.24743982067,7964.34190209972,7547.71049268767,7774.19729479113,4505.43971311719,4393.17437599929,4187.50771066072,6370.92679795813,6139.54094218539,5996.24677221604,6405.23337297289,7233.8660364533,7043.59748642675,4376.6596796804,4373.58857257743,4291.56643076216,5636.39829625401,5610.47390547254,6448.11764749721,3325.62159752266,3215.57123777113,3194.34944155217,3443.72471813853,3362.51892274607,4049.41256638071,8370.93006634418,7945.80632835192,8283.32204542993,7141.45827818359,7102.5701275515,6941.89990895656,8550.63104987468,8569.38899256939,8081.68144316371,2986.92329009683,3118.68978292239,3198.60915136924,7443.45479030272,7421.52076933302,7156.01091146017,5364.73751071096,5667.25080381266,5814.04759716771,8343.60749342753,8314.85057684538,8445.97904339034
,26,8645.23473873064,8664.71104580168,8927.18456861174,10530.7623612583,10338.5739854536,10578.3799148539,8681.43244523538,8717.92008367798,8742.87506216209,10677.6130850734,9992.78753306138,10269.6783399614,6916.43406395828,6617.0078469553,7261.74885727319,9473.07275487555,10295.4308975586,5.16761755532025,11337.8653724959,9641.5264882829,9444.22000483367,1112.53199438642,1063.3730746604,1109.1059046532,1802.55518175842,1832.17097380923,1835.15978535641,5664.29801610063,5566.28904349152,5558.19317327531,5694.26025650897,5779.79506448696,5792.54947246091,10125.5762368727,9717.55773158649,9270.94419463819,1797.89848730939,1915.3086648118,1897.15575617095,5565.37847646974,5786.50723247967,5446.43608558885,6126.26928855061,6194.92716691047,6417.93728687225,6003.84468209266,5807.00326821908,5980.97151273829,9430.73744958612,10032.7366474552,10598.904804345,10654.7375264528,10321.4899464903,10631.3714733904,7228.82183076418,7010.60983923943,6787.10956050201,9206.54645529419,8936.04045347653,8604.3251158031,8705.47216524591,9565.61473293103,9515.86284866253,6877.9975721152,6906.77372405929,6763.03379080805,8356.71320866792,8376.71398097288,9143.21633630274,5542.55411032054,5396.26435317814,5346.66238618584,5719.37020920168,5603.00862790975,6604.3438504973,10852.4384819105,10635.7763616201,10812.1579506469,9956.89249396637,9758.5606522471,9663.69845636456,11143.4884033413,11093.3532327482,10356.5592398756,4945.50512989062,5135.61099342626,5271.45318473363,9674.03627797865,9671.78433171905,9197.74935068808,7873.90932697824,8235.85800483973,8303.94228437151,10519.4048360286,10486.3581741485,10653.1379288398
,27,11026.4611717375,11074.5948569381,11424.9833260765,12731.3380748924,12589.109219815,12844.4763886151,11124.564243844,11179.6145581037,11186.5306976367,12683.5412003557,12147.347764778,12128.9699040987,9258.4486367543,8995.80980009352,9669.85379258742,11531.1884322164,12514.7006432557,0.434990455895786,13066.921923748,11951.3732642486,11648.1348871773,2106.76063252452,2037.16306051779,2096.46400398731,3277.1437675672,3337.24600818498,3346.81050771079,8676.58117132232,8600.15796467099,8515.94353153629,8708.25761419484,8720.87214789833,8648.50011805317,12416.837478942,12062.8743702402,11465.9062741233,3255.16447483923,3441.09750864289,3430.18205260732,8357.66145098758,8587.01779701339,8276.28128087305,8969.66460385319,8932.18032053749,9153.5672239402,8653.08727906896,8539.33676577715,8618.16315672883,11656.9520514031,12245.1156952891,12843.2167560378,12890.8246625381,12661.8007186773,13040.9359128496,10196.7509857689,9827.6088191455,9675.0821303968,11696.8174602315,11396.1645629911,10881.5357293179,10618.8783330557,11481.682068577,11573.9854023265,9406.28712359881,9547.16312964419,9310.87982550223,10683.4299775731,10771.6002903422,11464.3581164738,8359.89594162343,8213.06382882864,8095.51139022263,8449.89316714161,8427.7455546418,9433.47074821794,12865.1008738387,12864.1423229528,12870.8888402347,12346.846359077,11985.5885384973,11965.7443332404,13249.5189428582,13137.2766965686,12192.8875791239,7348.56123353761,7606.43616541026,7816.42809226834,11493.4712807824,11511.2048214745,10856.680100599,9982.27347860815,10339.4195166445,10455.7202566657,12105.6532320359,12073.6942730186,12264.4896931476
,28,12872.4231200229,12954.5983573208,13372.2646921161,14302.6445585339,14222.5387702712,14481.8461529267,13097.0121484824,13118.6505824924,13154.1717294047,14076.1058824403,13693.8626282365,13409.7667459018,11194.3251028899,10981.8382927591,11654.0306063974,13022.3378987125,14124.3993338056,0.406778989780832,14228.3461223793,13681.6101958088,13284.9405858658,3718.89069811257,3640.30035209176,3712.74952969294,5468.64514687061,5598.41651937653,5619.2607590563,11293.6579645086,11309.162640941,11083.7013189143,11333.4210095917,11376.7379540499,11192.093660582,14097.160007481,13807.2082664051,13095.0871213206,5374.4831393335,5619.33204435434,5627.74696683068,10645.5553858268,11077.0991244646,10657.7211210992,11480.5088807347,11305.0582628884,11518.8115431172,10950.0938967756,10948.5153356162,10906.5115279992,13307.8195968034,13860.6337269647,14469.7468135748,14510.5110489863,14393.4195004694,14829.7549094811,12742.587136231,12235.5862185328,12165.4935263516,13645.7367134968,13326.0318447519,12649.8498458884,12000.5203382715,12840.1430143404,13060.2970669684,11530.2728369043,11782.4101234794,11464.2211561329,12572.8152533883,12718.6203194333,13227.2769503646,10658.577318163,10578.7770653818,10368.3250767025,10859.598648025,10688.1800534243,11872.6543470758,14281.952851068,14484.1588205645,14344.3677273509,14151.1332103535,13645.2067471491,13696.5639635454,14737.6171769134,14570.8858050762,13471.2713582775,9229.79462261152,9507.41969077483,9795.64594551575,12787.5137154714,12825.4184312207,12029.1226602301,11690.6468466975,12032.4489880289,12111.8974963275,13188.9192457985,13158.7607726654,13365.8037823232
,29,14089.6245336784,14200.5540403137,14663.4026016587,15301.4370390761,15266.8257029365,15524.583798563,14420.6148638472,14414.4422225274,14464.8632268229,14944.1298357305,14682.5632167191,14216.3825423807,12540.0678123056,12386.8587933596,13024.9767369212,13978.6727066544,15150.941835385,0.668435672886517,14940.4666259655,14808.0534018161,14335.019266413,6198.54463168935,6105.77099017348,6150.72535518957,8336.48846652952,8591.86123535452,8635.23519392156,13422.9261408771,13524.4648880242,13174.3316856884,13467.3355871996,13466.6457349101,13159.4130829198,15174.6917150434,14938.8613954657,14150.2439414211,8080.90970935597,8126.86515440101,8257.91043606278,12486.9812618405,12996.6273832337,12583.9656576429,13392.0258015917,13070.1578703697,13267.6613762051,12663.3284457983,12780.5976010754,12615.4169813989,14378.7025949003,14898.6258460854,15508.4360580786,15543.417087901,15516.9770669453,15985.5210929774,14603.1334764639,13985.9262164916,14001.6068435156,14941.0600466961,14615.6517935732,13828.5052085995,12896.4684887122,13713.7901476539,14027.2005634874,13053.2239511377,13409.7469433108,13021.6453346455,13856.0302702885,14041.1309701497,14397.3519180921,12524.4284336867,12491.3529237372,12202.7015863354,12708.00450104,12514.5557870187,13686.0112176629,15196.1908926966,15536.5633908,15293.0270767425,15342.307362023,14729.2632774463,14837.9140821201,15696.3204300144,15487.1101970792,14299.6010784093,10739.1173917749,11033.4792579898,11389.358108619,13613.647008598,13664.4783403119,12776.3175047287,12837.2433374483,13163.0456786848,13207.38017401,13875.0186559457,13853.9129733343,14070.377538866
,30,14879.1437562821,15008.0565040718,15497.9136869168,15946.2411768576,15944.4483738926,16199.7477293128,15292.3693951316,15264.4353535186,15315.6192577388,15501.2480542676,15314.8452722961,14733.0928156806,13423.9985010612,13312.0009925193,13924.5246059001,14589.7577379085,15780.504336497,-3.63612032663787,15391.0461132223,15533.0512665952,15009.1254358774,8840.9926655194,8804.05635922488,8711.32986648456,10716.1283829637,11101.6364161361,11198.6367030807,14926.8899187774,15102.1904584343,14650.3760627701,14972.9561960496,14929.3546855802,14516.4854730035,15878.2308564976,15663.1459356463,14833.3066342765,10235.3027747558,10291.6012094566,10547.4048788778,13754.8895387616,14325.9294774372,13928.4386280356,14714.6717010165,14271.4256537238,14457.4629906919,13824.8210619644,14036.2455203312,13770.5694216361,15067.5361748587,15570.0874391898,16180.21819067,16209.404894033,16243.9971362974,16733.3120604727,15860.6496963289,15168.593948384,15248.6721385709,15792.888722401,15456.8759874529,14598.6077657137,13475.1497223194,14270.5795349769,14649.4502073907,14073.4284617379,14504.9320208344,14062.1389262159,14694.3832117042,14904.4882769063,15151.5748552712,13813.8120341039,13815.1347887149,13472.5078323325,13974.9312841882,13771.4932345381,14917.1956537158,15798.1436101648,16224.664653627,15917.7979446721,16129.0386943755,15449.7327649103,15590.3849463189,16325.648108089,16082.4393470258,14843.915728782,11763.2664014462,12063.4963901205,12482.6192997208,14148.9763816709,14208.1222519241,13260.904822948,13587.4477110006,13900.7466623732,13919.2529496354,14325.1963118594,14305.3350865138,14531.568216051
,31,15354.6104145885,15495.9820393938,16007.544137702,16337.8288163136,16357.6501882837,16605.027017595,15819.8676679074,15776.4256274687,15832.5539885951,15836.1846510477,15697.8025740491,15046.4899469217,13969.944886333,13874.2067524691,14472.0013254119,14958.682709701,16160.7586534166,-0.417752640684739,15663.4686402994,15972.1453937858,15414.6572077446,11105.5515605436,11134.1989025804,10893.2759036245,12648.1205399437,13146.5691320594,13285.4728058151,15862.0137448206,16086.2567869744,15568.0517783015,15908.8612346719,15844.8240117252,15357.9121228783,16294.8773502685,16095.6798311381,15240.2712831308,11977.6916270878,11918.5895844089,12281.5821269327,14551.9945596826,15157.1956515811,14769.9082772033,15541.453350881,15011.3000406487,15194.8820844666,14542.9406172478,14812.6932004733,14484.4330579189,15488.3188699797,15972.2232285346,16581.5362218227,16608.508634214,16682.1406526924,17176.2901383019,16624.5792339786,15882.6571596279,16005.9599651166,16307.8873742781,15964.8883206177,15057.7608885014,13829.4239683615,14607.7195044442,15029.2738580552,14696.2090671447,15181.1337696303,14700.8663898254,15202.5536337366,15424.5944126346,15617.6001219678,14616.5406086798,14642.762462577,14254.7792994298,14761.6728490319,14551.4709469095,15675.3766489757,16155.3735400442,16634.3107454525,16280.9983607424,16594.6657246921,15875.3780582758,16038.5526292069,16696.1687505229,16436.5751949241,15170.649981546,12398.403483287,12707.4723870435,13166.271407708,14474.3362109029,14531.6425805233,13556.7815947351,14046.0203553952,14348.8733968309,14360.2770855318,14595.2015473293,14574.8601221087,14805.5436679628
,32,15677.9190951729,15829.3160769658,16344.8631544633,16605.7805541373,16641.2000167994,16884.6094977332,16171.2189434459,16119.6500309185,16172.0196436593,16073.9325423234,15954.1371843327,15256.2993964136,14326.4391577539,14235.6234342272,14825.5874163059,15202.0679178244,16418.5366118668,-2.47534108209675,15845.3356932421,16253.5316090345,15675.7970741424,12817.796873507,12901.6156247696,12526.340766246,13989.2349757198,14571.4764953429,14743.0669058833,16457.62244396,16718.5254009932,16155.2258055838,16508.2048761258,16424.7464481653,15950.7959593328,16574.1961774246,16378.8571644865,15509.5553360773,13164.2965939991,13015.4923352917,13460.3487031083,15051.6010467803,15681.2636888292,15302.9019930525,16073.2900720509,15474.9619815746,15666.3968963407,14992.2594859328,15311.70977647,14947.3491751102,15760.2777386482,16236.1398201887,16844.7214306233,16869.5387209109,16961.3945052006,17463.0688095277,17110.9550643524,16344.2742638873,16494.4273018421,16644.6013692294,16291.9419483284,15353.616152073,14058.2483664261,14823.6118402257,15273.4817044611,15089.4589922302,15608.8720627004,15106.0110532994,15522.7173470638,15759.5369806143,15907.2189624636,15123.0166335352,15167.7072354172,14756.8598206128,15266.891521691,15046.0108881872,16156.862533731,16382.3382601819,16894.3797085662,16512.0417515415,16895.6464498118,16151.802743619,16322.6698436186,16929.8181572514,16661.674871471,15374.2512324267,12797.9704938851,13116.779606351,13606.0227585527,14679.9896951841,14743.0873792101,13747.8294985517,14345.0274893388,14631.7039686678,14634.1412470119,14763.9063311459,14745.578676178,14976.9908225851
,33,15852.8484866536,16013.6641908563,16526.5477200676,16742.3906558,16790.0057514125,17021.3867250226,16363.6626972463,16306.4471410286,16353.2560002923,16181.3874240579,16083.0986251568,15355.975799899,14538.575454728,14453.6673131448,15033.4333035849,15335.0234515567,16562.825995213,-4.0882065595415,15941.9123496579,16411.8167874527,15823.4381078519,13923.1370567719,14050.3471151817,13581.3923144375,14832.9364997747,15469.8399972702,15659.6841123385,16805.991671855,17092.1273385127,16505.2024151829,16857.6922094954,16761.8418034087,16297.3920976466,16716.9428242542,16531.2487550554,15651.9757634274,13909.9786417341,13709.7667133192,14204.0334174768,15352.4203665458,15995.1806931539,15617.4860345655,16391.4792569514,15752.2230269277,15943.8963093191,15263.9206437282,15593.8625285132,15212.3105033686,15924.9340276776,16386.4512831489,16991.1953535381,17017.0876803084,17120.5541750321,17626.7869189518,17404.2711749334,16612.14957968,16778.6237308936,16841.5462745525,16480.7246049112,15521.8318442981,14191.9255783197,14957.3468980984,15419.4696557732,15324.4893414654,15869.9681900142,15361.4864922134,15714.1517081183,15963.34418505,16084.3042093795,15430.9214679839,15491.1043827133,15064.4217038907,15582.4029308981,15349.6936958724,16449.6035707144,16512.3630056476,17051.1886077359,16652.4781047412,17072.900428036,16314.3257249677,16494.0807198519,17066.3751265387,16799.183747011,15493.1710109181,13043.8550001578,13371.3925854856,13879.3959014324,14798.3255052501,14863.7613455027,13856.9320561186,14521.0623992794,14797.6787337431,14799.9302017019,14855.2583662865,14846.5193685659,15076.2358960515
,34,15970.4854267713,16141.8284680283,16645.907706727,16833.9132887259,16897.0074345095,17118.720328011,16497.6076988725,16437.3332330883,16468.8486683703,16259.737547982,16170.5596988238,15426.5254397067,14677.1150846786,14596.1330872412,15166.3170333412,15417.7390961304,16653.6981385864,-0.940123675401082,15997.8112474657,16509.4890985383,15915.0951334074,14641.8801719778,14785.8033955822,14264.0103820798,15373.4066761737,16039.297691485,16246.3118825743,17031.0576942889,17332.9461094877,16725.5731602947,17083.3995928598,16970.7884844752,16535.2486784327,16812.7642409485,16627.0827236573,15745.2946641329,14378.4542809266,14137.3566737482,14671.7863553111,15528.3062102605,16179.8884052299,15802.7278286434,16577.8783316217,15919.1302929624,16113.689287381,15425.824845562,15776.9725857881,15387.4555739593,16019.2388053261,16476.6259782439,17075.5946441277,17099.4612548017,17207.0831707766,17721.3439181373,17588.2347562314,16780.5514908841,16963.9896316207,16960.9462529101,16590.6951871481,15626.6378601445,14274.0924123315,15036.3544656962,15506.0247326479,15476.3495196109,16032.2340210022,15523.4465220362,15832.6515944148,16097.1665008838,16185.2973747497,15626.0185276582,15688.4817885317,15265.3294244048,15785.3665458662,15548.7211190963,16638.5135143557,16598.023645596,17151.7197136657,16739.6401426186,17188.7883375742,16416.5923053616,16604.956075817,17154.0419158085,16881.6766785507,15568.1203884765,13208.346109443,13538.5782955535,14063.2577111782,14878.6647070314,14949.6180654959,13930.2102746373,14641.6964943398,14916.1108768746,14905.0310103366,14919.7250145205,14904.6523287298,15138.4231109652
,35,16030.0035024986,16211.3680053099,16708.4178467526,16883.5870078242,16958.4794261949,17163.9821352864,16574.2996525628,16514.5657324529,16537.2512556772,16292.9082802268,16212.9447495356,15458.2580962163,14752.4245546622,14679.2705681765,15240.0060033951,15460.6817635367,16697.2827143509,1.289070931899,16023.3937335268,16562.717631829,15964.249361713,15081.6934071198,15243.569375589,14687.5467591176,15704.9590531753,16385.9164864787,16606.8251870705,17166.4804882079,17474.5822669302,16855.8375650744,17213.5140240973,17099.4447788948,16663.0184715666,16858.1226370881,16674.9300385807,15789.1484020569,14674.0692458335,14408.1942301317,14969.115477425,15637.0336408185,16290.945187609,15915.89296844,16691.8414078778,16016.2624306756,16211.2795436602,15526.32395723,15881.7401955235,15488.6229676883,16068.3003642423,16515.4778110656,17115.0346485383,17137.9576849359,17254.0596518769,17770.5555872632,17694.6213101256,16871.8663894477,17086.5417929858,17028.8440718587,16647.2489482923,15677.4342461779,14308.4915724428,15068.1766471606,15545.2950575033,15556.6187386736,16121.8581712961,15611.7918042414,15895.6358184969,16161.2690313137,16244.0876398325,15737.485336451,15802.3759668849,15378.1722627176,15894.6037969522,15655.1907373255,16741.5025119201,16627.3397258444,17191.4517964642,16770.8882134295,17240.5977519473,16457.3611526011,16651.3793635756,17188.9547488953,16912.1309127547,15602.1054914906,13303.9163129529,13637.1702969788,14173.906792218,14919.4772497731,14993.0880433331,13965.2829360706,14704.8037171666,14977.0272983719,14967.5519339247,14944.0556886418,14925.7122946521,15159.4592840463
,36,16059.8481272783,16253.7247711492,16748.0762350308,16912.2369813927,16997.0098797286,17196.8973267343,16626.4587849202,16559.4707336924,16575.058139101,16318.3940338985,16239.190711209,15484.7368128689,14796.1722912244,14713.9823071618,15274.984856623,15476.5686188531,16719.6835905573,1.49410974674265,16028.5424253378,16585.1007332305,15977.6633355258,15365.6334869128,15538.140233654,14954.8900966264,15905.577163715,16593.6871774577,16824.3140112132,17261.7250360571,17554.8996135946,16920.5418966436,17284.3803065949,17171.6434582435,16746.1073298763,16875.8012990297,16691.5456076625,15807.3971157187,14861.8110252356,14576.5224559119,15154.5660453396,15699.2860944176,16353.3957733013,15982.8171888121,16770.0380700598,16068.6805667724,16267.9152640541,15581.6532940757,15945.9396090923,15556.3074503757,16088.0740964118,16536.0763103068,17136.5639214403,17154.2818470401,17278.2714115347,17792.6069353184,17749.1224996726,16929.0321901237,17163.8146204572,17060.7647115262,16675.5604702485,15702.3420855479,14313.261145057,15073.1953831074,15548.2900004872,15596.5961938062,16162.1634009184,15647.489295597,15918.6553311438,16185.6825328948,16261.2275080575,15795.4478701454,15868.9191375277,15442.5918144501,15954.0734619213,15710.3782161379,16793.0517988899,16632.5762608081,17199.515672027,16774.4136152293,17258.398426178,16470.9666767693,16667.4234828934,17191.7057890578,16916.334778889,15613.422423604,13358.7256476433,13692.8202197157,14239.4227820324,14940.5449350787,15017.8191965115,13991.2631094983,14741.4242869466,15020.2935256628,15001.9506022729,14954.422153947,14929.2690235361,15169.9037448865
,37,16052.5855274826,16250.8799026659,16741.6448826176,16897.8603057591,16989.5436991644,17179.0940512189,16627.4134257234,16558.9811139149,16566.0956466748,16296.2817969634,16227.9868327811,15469.9993602904,14803.2121427743,14719.584430252,15270.5520561882,15468.0974416222,16705.6272500448,-4.08698885974991,16007.1588220093,16568.8018191982,15964.6151150771,15517.8081617389,15698.9148417587,15103.2504878676,16007.7732740131,16700.8608624417,16940.3045859105,17299.3759046102,17580.5043438239,16931.6974325979,17296.3243602611,17187.7838468022,16769.9381339834,16856.653418523,16670.7349904113,15787.4102135783,14971.7408357273,14689.2267762382,15272.8030131806,15731.5000519511,16391.9848892637,16025.0362943226,16802.1579744823,16095.5189877984,16297.1393714395,15603.7939676412,15957.1796103179,15565.3726167844,16093.9855440554,16539.3530577841,17140.6280075177,17159.3038971514,17287.1367659951,17804.5693039979,17773.7025888214,16955.0155153516,17203.5508601919,17072.8100428881,16681.7386245989,15710.0077644135,14309.9067489258,15069.7549145918,15549.8942036346,15605.3301512683,16185.3892799381,15662.8608080891,15921.0693788122,16196.3860019585,16264.9474206789,15825.6669348137,15900.4600671216,15468.8256033336,15979.7784530382,15730.1523861165,16811.0611750193,16625.7911940106,17195.3884841335,16762.5241770326,17258.8972950902,16470.1502058297,16661.6827904442,17180.1151633056,16907.1053598765,15615.9740734505,13368.342444919,13706.8238979978,14259.5007521936,14925.8068461547,15007.2336316699,13985.1523294198,14739.09988751,15014.5818146932,14999.5017003121,14938.4658148044,14923.4404430262,15165.1465745821
,38,16088.7641501045,16290.1442059896,16775.9455986748,16916.2105660971,17014.7285122197,17188.7617035348,16650.3976327329,16587.3732193853,16586.200217907,16319.7150632988,16260.300653741,15504.1783624878,14838.6735693432,14748.8469884039,15290.0337688201,15477.0046786859,16715.0655481016,0.999144196498492,16002.8820468281,16577.6887543263,15978.3793069519,15637.4272534283,15830.0907453315,15224.805273938,16093.8429277089,16793.6282557229,17030.6850532821,17342.1856084561,17609.2108623221,16948.7440878991,17316.2977229583,17207.791945841,16786.2241492223,16874.1582983739,16690.0665611205,15812.5014952105,15050.3455358916,14768.5446438383,15345.185502887,15744.0736857802,16410.1098384823,16044.5930652188,16808.3803949917,16111.7586414696,16328.913118202,15626.8455097026,15982.499565317,15588.8394446085,16117.503014996,16555.0887999204,17153.8662676754,17164.696825153,17293.4194054104,17805.086904901,17788.4630848114,16966.9386868716,17215.2608660358,17087.5230270659,16698.5416602653,15727.4378366553,14323.9321667084,15085.4377899778,15560.5367393983,15612.7009352339,16196.0084644712,15669.9100946678,15920.928730825,16204.4560300817,16264.5375917311,15848.4355352107,15932.1992176398,15495.9492214234,16008.7992872043,15751.9667182134,16823.2536579884,16623.1554992037,17189.8347118685,16749.4805576511,17256.6245622891,16464.2385560667,16655.6328889976,17177.7228022683,16911.9244675108,15627.0180123586,13386.6696750639,13720.8119281168,14279.1277327839,14924.3374939877,14997.4646115376,13984.6509519847,14735.3603367931,15013.0059067147,14997.4395504198,14936.7642283396,14929.7686982625,15167.7285442521
,39,16067.4153708938,16274.4753234004,16748.8621570836,16893.6339812392,17002.8088674416,17163.6746856388,16636.8066458276,16575.5883169948,16564.0799351545,16294.357942626,16242.2368170376,15486.092995943,14827.1698877926,14733.0956042894,15270.7204412038,15461.4866238414,16686.2977528178,-2.41342030806936,15976.9490585892,16559.5599160664,15960.1750733334,15683.5489115671,15872.4360549363,15270.3462061508,16118.2075782898,16820.5366880658,17058.6123216935,17324.741429205,17599.346311804,16937.8784984108,17306.3109085036,17197.6834183059,16777.7790863028,16859.9924483442,16670.0265733674,15802.5825710526,15070.1481601023,14794.0483139072,15371.7525775018,15734.7888218516,16405.7951350666,16039.3966290682,16781.9438254281,16105.9449533971,16329.8636465613,15614.4835089376,15974.5789764035,15575.3280998322,16106.2990954399,16541.5328546437,17138.0272372099,17151.7406783252,17279.187886871,17790.3331323682,17779.2587534115,16957.3626284264,17202.2074249612,17069.3401953818,16678.4444379676,15715.8773876588,14318.0497259498,15075.8967749702,15556.0265711684,15604.4562529324,16195.5155762835,15668.5682992021,15914.1879722029,16200.6147435276,16257.9378323009,15847.6947521584,15927.8319693204,15489.3946218852,16007.0638699457,15749.2046014401,16827.169986276,16618.5431900422,17187.1145915177,16743.473172207,17256.2425781951,16463.2303529427,16655.018684864,17172.8133238819,16903.9416085637,15630.6971519841,13388.5010567061,13721.1440604099,14291.3171877453,14922.4810257386,14993.6710807726,13979.9850977479,14735.8221332878,15002.6081373858,14989.8493667262,14935.3373762891,14921.3753975387,15163.3160493991
,40,16001.9796071625,16219.5248080245,16679.8805097385,16848.5786402949,16970.3046826691,17128.0618291017,16611.9480571532,16544.4084060671,16513.8640568764,16237.7791361005,16187.0582594868,15432.2263650479,14780.1726740591,14674.4561241106,15227.9030907591,15422.496797456,16641.0911300644,-3.12063195599694,15944.9372721984,16526.2209785661,15907.3305730359,15683.7396138966,15863.9529492913,15259.8992279915,16102.1146998055,16806.9568282374,17040.1036217448,17286.3817015902,17568.1097177515,16915.1718779228,17279.7676147557,17171.3711280688,16752.4781563938,16821.6955301684,16618.0115903835,15766.5643363213,15050.0547736816,14777.8590311505,15363.3373659698,15712.6473917063,16380.4472018604,16012.049888418,16760.7011506943,16085.0418773434,16303.1857051511,15582.8679038051,15941.5939477032,15544.3411368353,16067.9360051452,16510.5734766685,17102.0221887275,17123.317652773,17257.1227501542,17759.3105704943,17750.9495782084,16941.222439959,17174.0627233685,17029.273979804,16634.5767210924,15682.8755318985,14279.188608471,15040.0745417957,15518.1322573265,15583.6606361461,16177.1099942934,15651.152818935,15898.5511457022,16171.3892719141,16237.0878666796,15818.8568792572,15906.3843117457,15461.3664879995,15982.3093409494,15726.5329784296,16823.5670264361,16606.722308337,17181.6659639765,16747.6904266482,17255.5318756557,16470.4231558731,16665.9725064333,17159.9012958389,16888.336482052,15625.357962718,13379.3079932924,13706.2358317512,14295.6930837343,14920.3889993003,14995.5487395542,13977.815746124,14739.3576119069,14998.2905706318,14982.7921589599,14935.9411696927,14899.4903433865,15155.7896552092
