,Cycle,A1,A2,A3,A4,A5,A6,A7,A8,A9,A10,A11,A12,B1,B2,B3,B4,B5,B6,B7,B8,B9,B10,B11,B12,C1,C2,C3,C4,C5,C6,C7,C8,C9,C10,C11,C12,D1,D2,D3,D4,D5,D6,D7,D8,D9,D10,D11,D12,E1,E2,E3,E4,E5,E6,E7,E8,E9,E10,E11,E12,F1,F2,F3,F4,F5,F6,F7,F8,F9,F10,F11,F12,G1,G2,G3,G4,G5,G6
,1,-9.57030558348833,-123.069245493492,-1.07085656751951,-116.981121132014,-11.8500841418418,-37.9363547849148,1.72203578571225,-8.77841982486507,24.2988741913491,-99.7739461203291,16.2066724666101,-196.948748374971,-99.0042178080016,2.07373716243274,-69.3328966916206,-59.06818629689,-15.9149867851461,-18.4771217844946,-60.2335504238995,-64.8723890100118,-14.6763158614649,-26.8996591211167,-101.038315726311,-82.9750027792984,-18.9865318340408,10.4214152471204,-75.6128409154276,0.927792206618051,-90.2327741549484,-39.0356740101356,-7.3247057279068,-59.7978715843956,-51.4883438618467,-26.0057489369115,-67.0645373845591,-6.33669618455451,24.8334810326592,10.2987917227233,-86.6467479820012,-1.8910767823495,-11.5580238753678,-8.94261693135104,-18.2664974681325,-24.1413877701621,-58.9658783442615,-7.57715551275805,-76.0118600196793,-40.0820493447095,-286.931258097673,-4.63644443558042,-3.21415759510228,-37.1499747071562,-4.10603078078339,-58.8925676879239,-1.61794259111048,-0.956020728923249,-69.9769234695,-97.8250567046221,16.0410448002785,-71.3113929503488,-271.55074079695,-32.4162647001931,-18.7849714533718,-7.7774121684397,-87.5720753665237,-9.21500052136571,-0.306776979944061,-2.98937830066052,-5.67166511627647,-6.76732318957102,-94.4305665699271,-60.4175731579235,28.2637422299513,-133.339059769751,11.5926311443923,-7.66727569090062,-1.45886014320013,5.24307820633385
,2,22.6326885139906,17.8730202915112,10.4773636289988,-14.0539022115649,-7.55999775978216,-21.3586273000205,20.1456487502091,12.0630247411627,24.0680016807974,35.4355107772617,42.8131737411063,25.2138429863412,16.4362307410797,13.9204695959061,-49.9320143063755,17.8536046403697,2.55831795142103,3.85254699359621,0.664789529107111,3.60533180149423,-2.75652368174451,-8.98558135187523,-2.54520721230074,15.8781537853283,-8.96971248767204,20.3454417674579,-38.7882092245991,15.0009345934841,24.5985386088205,11.3089786523874,2.66746662487731,11.2994416271908,2.7784079486064,11.4803357290812,15.1373392072064,12.2157457870726,25.2785578450425,17.9125529365369,20.4854272742505,10.1835595084121,10.0014007994587,5.66948307260191,2.11764606757424,4.10837151557553,-49.1534644447738,4.49237295043986,-61.7815399590977,-17.9784962439003,21.5294653086312,13.4634376823228,7.96019511795066,23.3939584443856,10.9011530307071,3.22982236576809,12.6977630080692,11.391756541268,13.6293729168374,8.56321036133886,19.38256034712,0.174976442103343,25.8261128463841,24.5279976124207,15.701257001102,17.0689990615992,-48.0275725986421,29.1591550397739,8.36471710098522,9.77712215026213,-1.3415049988389,6.79845935056073,18.0231708473402,17.4579028194562,22.4936065481274,13.2894418178353,13.1239366491959,-0.122835310297887,4.7278939029884,7.59452946666033
,3,20.0364035994662,14.9896947282668,10.0576579000285,-9.89350788779257,-9.09890212737855,-18.2365596940613,8.25491063915024,3.74524336338573,14.7507094289708,17.5670750496151,18.755500959579,22.0352929004739,16.462898051032,11.6433377055182,9.51494206719462,14.6162551584594,4.94139672098254,5.10808320346632,1.81852755412319,4.76895684054352,0.625325133866681,-0.730086702551489,-1.65515541035211,9.60009351852432,-10.3052687550557,13.1603445342221,12.4677634623336,11.5357288570212,22.242852447333,8.51885716474908,11.070671082678,12.3265910451541,7.1295188576355,13.5671880199725,14.9093099791753,13.5925045163008,22.6809347004728,13.9211934057057,19.1839980860896,5.43630054920186,6.81290082919077,11.2696173341915,9.54977137956075,7.39658968776939,9.6918873917366,3.08368510550554,11.8642538891427,-6.21210265577793,19.1150121579735,10.1032150843807,9.65628189652034,15.3279194802362,8.46150795865924,7.20501673830313,10.3167571538102,11.9076186694897,11.3332483725935,13.0515872300898,15.9605129873471,7.83880320131539,18.9464828962223,23.3883904510994,16.7363863714359,16.0212851397991,13.5871805941833,19.4488365312659,6.27520747099288,6.60579938610636,4.88033814595929,6.75410397967562,17.7416141733961,7.61428722232586,16.278404806937,11.8122684049476,9.6186149036339,-1.6277375392342,3.1488670194426,3.56606034176184
,4,7.04292333462126,14.3353851809475,9.70783468821219,-8.41280861739097,-7.60175431857988,-9.57858567583844,8.34928045074503,5.64283579392304,9.08847661794061,10.8426610743932,7.60170963239352,9.27467539601048,9.42911609023531,8.10444401111727,5.7959804810871,14.2024436113261,4.11078012751386,7.40064615215533,9.20026030472127,2.96652979918599,4.4818141531232,0.546257495087048,-3.45456919263052,4.77350391165874,6.97887508209851,9.13457471426364,12.9297444129979,12.4617281668993,18.2341476732381,8.11054498051362,5.37115711437855,17.4951614543324,9.38441065281359,10.4538922973652,7.7137452539323,9.10312205122318,15.3743591354009,9.66157351035508,16.0623077057717,11.5781403789774,8.43059976292807,5.06100986688989,7.24661945369144,4.8382505990985,11.3427153547791,9.71850770593164,5.25598054243574,8.82697554465085,11.6826209192845,8.03888534167436,10.5363668850882,10.3987490434347,3.44017200390863,4.29974053184378,11.7435873684799,15.3617710730723,10.4998072147532,12.3366275332551,10.5192912394068,7.62100758636188,18.9264461707044,16.2430094254069,13.4402913018039,11.6902194176828,10.3368106937942,12.9994493809941,11.7219780329028,10.0398380866559,7.94468697977254,7.72905864961103,10.8489973305454,11.0404339671095,11.3483833958917,11.8355291074827,9.22619977251816,-1.69388873909929,1.44471961437648,2.38887128792658
,5,4.73483023019298,11.5203139558125,9.96047944150496,-5.15876435283417,0.363664727127798,-3.19767616883837,14.6962375199068,13.0994779867224,12.4181360233688,15.2888109687478,16.9252597809768,12.8087527150096,9.38413754187877,8.73169942133882,9.27339460289295,11.2038804201684,6.16525835136554,11.2079352546043,8.66359687172599,6.35168005969308,5.07386592354351,2.78929084741185,3.01746468113242,7.05109667608394,17.9894230777772,9.08799544616841,10.3512235586013,9.44995541232902,15.0326422019893,12.8550955655455,11.0412233140119,13.266155936929,6.1747014153907,10.1930593136531,14.9858934035419,8.87184098527678,12.4585175840721,10.1200456408483,10.9997869139634,7.58986697044202,13.4214220147883,9.90974641237472,9.86941335082111,10.7330069532227,8.59650402122725,7.11391048072574,7.36053315665049,9.74295539224568,4.6981471464278,7.54168642228387,9.0201639944662,4.83865025642308,12.2945342384414,9.63823579575728,11.5376637995137,10.1297051355473,13.2622769184527,11.2840756916971,7.4380480167506,8.05587826347892,13.6484343419988,13.1232581093391,12.3144354969054,11.6563155676695,9.73520089848626,9.96377254948538,6.75048192101622,7.78231416704784,5.30602845942349,8.44538493594837,7.71952070151201,11.0525987050464,8.6326421888466,9.85253128624709,8.69060698234989,0.505330049289114,0.74745113541303,0.0508953760877375
,6,3.33976647702684,12.3623689817487,8.92129349164952,-0.183162749950498,-1.56054974574681,-5.77183669090891,7.75015542330812,10.3769403067545,6.2961501302043,6.75308856515403,6.3946637604854,4.86769187999062,8.56842806806162,3.31141318834034,7.91749305602934,5.79864330717282,5.93982003079282,10.4640746488049,7.44116972450956,10.6513107614828,6.51344981886859,10.2798044765941,3.33429237855989,4.55481746829309,14.3788475922347,5.6045951377605,5.38439132167287,11.7192442178589,12.7960415555917,10.7820164608911,4.61053420985263,15.547307291753,6.82847499627178,8.81903810496215,11.2855877599545,7.69808183936266,10.1949769466846,5.1391738293346,7.68007836831157,4.11810558472553,6.18579710256336,4.82738028990343,7.58835866886739,10.2920069783409,8.40648632394141,9.38806661177341,8.46148500465551,11.0026453354303,4.38793198195708,2.29062562656918,3.6644901184427,9.88424429296401,7.2933742517198,5.64923085258579,10.2300482244973,10.8764606478749,10.4738825400445,8.00352340176914,7.61974919780232,12.2581884354177,9.38452711298851,8.10272140105099,10.5237174843542,2.19589525754782,6.18241084878173,2.78293746954296,7.19581183283981,9.59877133962755,6.59482117406515,6.32311610414217,4.3262698919275,5.93173483005694,6.90421835170355,2.26136159936277,8.93401500044502,-3.73763820350041,0.656730663837607,-2.43379302216636
,7,2.05672855979765,6.19767632197045,9.14779118192291,2.73201222280204,4.07313665026459,0.733573741075816,8.08452710670781,9.02657622075276,7.9354899260079,6.83839200678131,8.04504564501985,7.96071287419863,0.132507962070122,2.79609060639632,4.821929498195,6.65338890703515,7.78258813896309,3.26564143864152,14.6312197369907,12.4000658745581,5.8817504593253,4.41227898332454,9.52375511503897,10.5236199562523,4.51857129442897,4.32425480359097,0.256822181791904,8.27555828769664,7.14937987805888,9.27419620605906,3.75290298511618,6.54016363523397,5.19900328452468,7.23605082694621,7.29699288829715,5.19230079769386,5.93634824336232,2.51312554135211,6.82092259956107,8.85909269057584,8.66181097031767,8.25597173960932,6.73856613138878,7.05253628776836,3.15545045786666,5.10943266943923,5.01780186887663,5.14499228426575,3.33893267974508,3.60708859411488,6.41172558648213,6.04433783380091,10.1196728091163,8.83841524393665,6.42040063469631,7.14149612903657,5.84487913224893,6.36830559242662,6.15126751206299,5.2083921225626,5.13716210137181,9.83309857867016,8.13454790940614,1.70635225980004,2.17832942233053,-1.1896287011723,6.93557079108541,10.1474771835851,4.92192100951343,10.5482726141759,3.66131538810896,5.80466857533065,4.28063165294452,8.06400698705147,1.47223726765469,0.40067617206023,-0.598289938676771,2.55587826567034
,8,5.68499819122326,8.27868043763328,5.68918421579383,2.15339999215257,2.08835118380421,3.49295454976209,3.95573951042434,9.54073300179061,7.08580827447895,5.11245861919315,2.44270128229527,0.427000380644131,3.02214462648863,4.72746429713652,2.72942032426545,7.74268143548625,8.56137898218549,5.64733025398209,8.24939988071083,8.58989989912379,7.5933339744297,5.52210134209827,-0.0714398405521024,5.816690655,4.66488792251903,3.166917037649,0.565623885366222,9.40058287967122,7.3761119892979,11.6105808829302,4.63645288942917,4.4063279338734,-0.371622107371422,7.62570449064924,0.788025259555525,3.70360887565312,3.91724827804728,1.53232172561547,6.20682986496922,4.37621798690316,5.12463817052776,5.88315306652385,5.10139328324885,1.37192869750243,2.2249666216394,4.46803313105329,4.14398106164299,5.09348824460221,2.7707367322746,4.38530201800404,6.46079663616001,3.02892412507663,4.95854783458481,5.80644080068578,4.76559876199281,-0.352634217910236,2.95438732139564,4.2271939358975,3.03148132827891,6.08390586444466,5.62830243375356,5.78767570051741,3.52370648856913,-3.50643994379425,0.0829809387869318,-3.7276712882508,4.64616332215428,5.64052484321428,6.86990023319822,3.51157696740756,2.91559888814527,1.48634019778365,-3.15361752433637,-0.0555786025402085,2.22697664727639,1.90512803486445,-2.12288852160873,0.0162776232291435
,9,-0.570004882624744,6.61201684539083,4.75383230181615,2.68953981440154,5.63710215634273,1.91683750835819,-0.299735133910417,3.58731376214382,-2.92197838426728,-0.965833937535535,-1.97411246040156,-3.25045330677904,0.0870943091626941,-0.707488579555957,4.00678742017635,-2.7404293835948,6.31132212353714,3.63631215507576,12.4814170209247,5.60247614408263,5.32116510440528,5.76772649535314,7.19557746236842,3.873611739441,2.09638781561353,-1.3594111464904,0.883185922797111,6.265706419862,0.340203355534413,5.27576578756634,2.51063987478983,0.907086543324112,0.694218634513618,4.95265432266251,5.66821637469138,1.72677853623873,1.07906470037233,-0.396064997789836,1.17790019726817,1.25039376821996,1.38204180045977,0.00618930581686072,1.57234143980031,7.41559495327328,2.12498672413085,5.70958541495656,1.3664787463872,6.22567399775926,-0.538876592073848,2.66203098548203,1.84858366557091,-2.84215747332109,0.315091409762317,1.84302373156152,3.16196020135794,7.03183685378917,1.75244764996887,-0.418830708634232,1.35937708685469,3.31185383905085,-2.59026486977245,0.421992658183171,3.62139451113126,-4.26131303272541,-6.17499236097046,-6.61971026286255,4.85067725238378,1.59152309630781,2.49448779742988,1.87086477443654,0.0422746759509209,3.45738503412485,-4.93486803427277,-0.410172580835933,-0.146949993713861,2.64642708072051,-0.164740560940118,-2.23802461847572
,10,-1.64608460249565,4.06611064675326,-2.55476107437653,-0.1198111304534,3.85910825572091,3.56804120541938,-3.11034756130357,3.40216073260717,-7.07315186732558,-9.43134394986782,-7.39093066024043,-3.92815443814925,-1.63176787715747,-0.0621088209031768,-2.91675928159293,-1.68880332027902,4.99266091752725,4.02065405063149,6.12859774979324,3.36300729602772,5.28897991745953,4.12621855654197,14.8451381860823,2.30306922643422,0.465420606744829,-3.79963942032691,-0.343438380673888,3.53606747260073,0.728274631705062,7.43518370554057,-2.66122646379154,-0.976131081644326,0.479930193745531,-0.965191286291429,-1.45472597579783,0.556977650498538,-2.22848608828144,-5.71964127717547,-2.42408683067197,3.91700132204323,2.14023660449675,-0.601678197729143,1.75627248306137,0.436445950205325,0.558471642925724,0.202085422346045,-0.451192968480427,1.58241380810068,-0.680310241943516,2.0054748882053,0.47323852926138,-3.16473109103981,-0.24421000187067,-0.348665950851682,-1.79333383314952,-2.43581681609794,0.144408314217344,-0.479327101715626,-0.696567243111076,1.62248120539471,-1.90472011142083,-4.48601598719779,-0.873613061851302,-12.050171494413,-7.59221098403577,-14.9456345261815,-3.5569863299761,0.217454895425362,3.17457501877425,4.81293517978111,-4.00149920041031,-2.53485950721006,-0.0465444918181674,-0.219546765737505,-1.32498947892418,-1.37638711226646,-2.56340174955767,1.28266900898052
,11,-5.68216173644623,-1.67354117284731,-4.2295357328876,5.74099940297174,6.06505316542916,1.70323147703266,-6.69861922361406,-4.80765930473081,-12.1353285118871,-11.1288685353816,-10.505095130507,-13.0309117747911,-4.70113934220035,-1.25308533227599,-3.41834640063007,-2.96780591643528,-3.44450482689081,-0.955978492865142,3.82372233401611,5.6703182604283,5.38551375735915,4.87645546942304,6.49140887572821,0.843711684049595,-1.10894722123339,-1.52022543735575,-6.87910334065418,0.53821758606091,-2.29535526843483,1.97028738628433,-6.23985228552783,-6.43262956926492,-4.68526096798587,0.153809371113311,1.11532566574897,-3.09672748263711,-7.45858520348065,-6.09962315715984,-4.27167028645272,-4.37607522208054,-2.94905188083612,1.0590126314919,-3.32658098234469,-2.0406801546842,-1.52468276751233,1.90399453714008,-3.93993722194864,-0.960156113271296,-3.05074072499519,-2.72901034304005,-2.63242224837313,-9.14594515491854,-6.61919690238392,-2.21190310625934,-3.89787963090021,-4.30027827823551,-3.55970316924549,-5.35669342969641,-4.67719022715801,-3.58009176713404,-5.9179557655707,-4.09724609963178,-1.99015634526722,-8.34518917133573,-11.6379492018359,-15.9236193433926,-0.422472094455316,0.233619850661398,0.898553824158171,-5.3983541375701,-5.72280981379117,-7.9103675118572,-5.68672797211593,-2.90513363577793,-2.69019339294255,-0.399769563529844,0.110106472133793,-1.69583094532209
,12,-7.2793668761019,-2.38558354708584,-6.74387069799059,2.68712594427006,2.11507470058177,5.47586213738123,-9.02883012360098,-10.6056938532201,-11.3763625339602,-15.8858940083096,-15.7090581402404,-16.2524118868778,-10.8868148404367,-9.03885084631929,-6.81290809937082,-7.0560761722877,0.203975372587593,1.39929728211246,1.28559633780651,3.18911920713208,2.57072234887664,-0.918385724701693,2.6340318779171,-3.03768277153131,-7.72102052772152,-10.2746988401468,-10.2880503660303,-3.64336413221099,-8.41878947312898,-2.28188076969582,-7.62094165801591,-14.2416330469723,-5.85105577043214,-6.12898819833254,-7.93089894351306,-4.82671426157413,-6.47345879446175,-8.85106019722343,-7.2049935327841,-5.11475075350154,-2.21315751179236,-2.47482348484573,-4.08989126770894,-5.18338928591174,-7.86373025490775,-0.275565567079411,-4.75714055359913,-6.01309348409586,-2.59034358277495,-2.77057924434075,-1.77182067139529,-12.03443944111,-7.81055331483094,-10.5283684391725,-3.17341417748003,-3.7696234811383,-4.81013764599356,-6.72355054708714,-6.87693792845857,-5.52706826512758,-9.28570604373635,-6.38541673098234,-7.81336864536979,-15.3751632602898,-17.3378804767526,-13.5934624233078,-2.38016951310647,-4.16629293139613,-1.21484830986128,-9.73915014023487,-7.40075113101148,-5.12820972235932,-3.74168048221691,-4.9521756254926,-6.30300585845043,-1.08154681911174,1.2529241134016,-0.00827705316305583
,13,-10.5739365488757,-2.0736822030799,-7.81096219931715,1.11412477804652,6.60005754034137,3.65539739036603,-13.0520798828161,-8.73059150391782,-15.7354514802087,-18.3352715696628,-21.9903029212778,-12.293341663667,-7.98368795111264,-8.44439129105695,-5.70583176997479,-9.57471491333627,-3.2185224919117,-3.16708155924471,1.60681106004222,3.1382297707928,0.056185722767168,5.39346804935167,6.09841665566182,-2.58331589068121,-7.37475195663774,-9.53426843490615,-10.7437579856987,-5.47376834672423,-13.4734792189747,-5.15156632546996,-9.28902274339453,-17.9880608763469,-8.83190720730863,-8.2636022701513,-10.5158718590574,-1.43436571185339,-8.56649168366903,-10.0306674721628,-12.7648820300083,-5.38392018277136,-10.4263833773621,-8.04064600860784,-6.92806630508085,-7.73946145570199,-5.30836408251662,3.67139848535271,-6.62618577965759,-3.90920041095478,-4.37129312703519,-2.00666830446926,-7.80870450789007,-10.901350926114,-18.4981032097285,-11.4879114829191,-8.03629075046001,-9.39809234479253,-10.9632422384884,-11.0052071068653,-9.33870010104783,-10.4170239465052,-10.6944194781836,-12.3692405500392,-8.27970301709092,-18.6311817688675,-13.341498668864,-14.1417169876618,-5.58313871396058,-8.53125338545988,-3.10313354829123,-7.26655264927058,-9.72239116042783,-9.3761175634736,-9.89156749137146,-9.44413990122166,-4.79191991173229,-1.5027827656595,-0.338379248434649,0.444939248634
,14,-10.2590568374985,-5.97264230842438,-9.64443362308975,2.76663745567384,2.97152490120016,5.1374542643016,-13.6261568478244,-17.5389914062903,-16.5487258792073,-21.4566805718327,-20.7767568485842,-21.8770118492171,-9.80889851448001,-7.21870818615162,-9.6082347560432,-10.8202658388636,-5.6953065048283,-8.08322828986638,-1.96214976804004,-4.8068627083203,-1.40535132970535,2.39593921760979,0.777512974360434,-1.39799533567202,-11.2279991330424,-15.2745054809598,-13.1971673847938,-6.45534413825908,-14.6038970257709,-7.771883463206,-14.0766417346549,-17.8208925944782,-9.33951806745836,-11.6689074642491,-17.1819799339664,-8.89067455373879,-16.7665277029218,-8.91131554961385,-14.1791876686284,-8.68454549624994,-8.02517968127631,-7.93944218705383,-7.69088730328303,-10.363252220488,-9.68600033428947,-8.29027314021505,-7.05570570125246,-4.61521937108819,-11.3209842618153,-6.62259158536472,-6.39503720934317,-14.8896905074234,-13.4656499533889,-13.6114753418242,-9.66435312018848,-7.96825660767263,-9.85523053188899,-14.2765455647977,-11.2234113757322,-8.1435880053964,-14.4546754367616,-13.2757546311664,-12.2405968397329,-15.6763624831628,-13.2849559288679,-10.2001433779865,-7.12987284893461,-4.98392573989258,-6.24782549351676,-13.9419487963673,-9.01502682328555,-8.03179422365201,-8.92713807215478,-11.5010354744636,-6.2100884198635,1.2189727359937,2.3353997427821,-0.314241894475799
,15,-11.5530516296453,-7.33925164914172,-14.8809546055909,2.53615912710802,2.55485083102667,3.90923121869719,-25.9822233656519,-27.6540794929037,-24.0671897344514,-26.725215703606,-25.1116780549692,-24.5497589213419,-11.7141128340436,-7.81688040087283,-9.25783930458101,-10.0462189191476,-7.41162820754789,-10.1055321341396,-7.14585223973381,-6.01906018575983,-5.35108439363557,-2.78448215334902,-5.09189957211402,-4.06312949490894,-9.25709660797384,-10.7592286227373,-18.1861786598729,-13.4242164779607,-16.3751900111542,-9.44152771261815,-14.4498446183852,-22.1317209940312,-11.4493650118325,-12.9309966990381,-12.8157914558342,-12.0894469520345,-15.4431334922156,-12.2689759998889,-15.3682820725562,-10.6346743531385,-11.6542593910567,-13.9352943754002,-15.4931070323496,-13.7699486473161,-11.5234566822191,-4.99580981976578,-11.0359356071381,-8.19692903281293,-6.51252235849506,-5.33515185814395,-8.39644311541315,-18.132876402924,-19.7428844383553,-18.1538593149699,-10.368672505771,-12.5241249737956,-13.6032423410697,-13.0128167865969,-11.2404207923396,-11.1057597006411,-15.4937369735899,-17.0202463339756,-16.6954661478403,-6.02025812991906,-11.5927385032846,-6.13000717111345,-9.52695918775589,-6.5100207078076,-5.03374084883671,-11.1443167196444,-13.35914056103,-12.8015809005042,-9.86788516540264,-7.90412092292581,-7.00299394782724,1.58183926995844,-0.945106868171024,1.90567077674268
,16,-9.99120433074859,-8.72443000164049,-16.2421971147442,4.15891398435269,-0.564432327526447,5.53009831882673,-12.1209711404626,-10.2233942183266,-13.7219933160291,-5.8314308835902,-6.8379291173369,-3.528241159966,-10.3809503323541,-9.08620683253912,-10.4728967350793,-14.7932673573455,-8.98222568662959,-10.983924355101,-7.90725833893885,-6.64713017768645,-4.79560532294317,-2.00858940364469,0.292976696981896,-6.04435146033939,-12.9355582967323,-17.7248836986346,-10.9416068212308,-10.8216788934942,-15.2537120443772,-12.1865087857509,-12.3344382290816,-21.9372801542236,-11.6255859755038,-16.0013645668159,-19.1952790599576,-17.445399556254,-19.7791001631299,-12.3215948342013,-18.6367383847974,-11.9893019924575,-16.5732998829149,-9.24066736636132,-9.07517365162767,-12.0470823924425,-11.0260275690498,-9.11722076271417,-11.3085776149019,-10.5543149854757,-9.59609885248665,-7.97757060180675,-7.50735344140594,-10.7936437102844,-13.4911682900424,-13.0815861434758,-14.1316322554908,-13.2873431231369,-12.3313510525945,-16.6964936596814,-15.670577759025,-14.0388668128239,-19.5535633988634,-18.9045316687098,-15.0336132567977,13.4261190207717,9.94637166220309,15.4822904306584,-8.92298110173351,-11.3035775990907,-10.0758710924415,-13.7020451470244,-11.1072965027956,-15.8715313352823,-10.960755602046,-10.5597375245143,-7.15531635695652,1.70574913913288,1.65108854901109,-0.706744446093126
,17,-12.9657080735974,-11.2770129153728,-18.1039885670571,0.495478154786724,4.60208103154218,4.60448897353308,-3.13551467037769,-8.22369773061109,-4.24078113839187,15.8257234507619,16.3851914848556,13.0831718558006,-9.51200311279581,-13.3730362929759,-8.59310347485871,-15.3276758634643,-10.9938777110478,-9.59105887082296,-11.5494233026511,-10.7769053923389,-4.28524920113568,2.79079103635104,-4.33211527739559,-5.5842355879995,-9.01910883231631,-13.6599982637472,-11.1864469509119,-18.0063275751113,-20.2359309620424,-12.3370520920435,-3.20091608221537,-19.853969184981,-3.59344045448051,-20.3642674208349,-18.3867444864522,-15.5608508494902,-20.0603837617514,-10.1782558967352,-17.0712089764529,-13.4089922367575,-13.767166094251,-13.9242101212308,-14.2926098071553,-16.5228500527937,-18.531547530441,-6.31580030084842,-7.73160310390631,-8.8634102042497,-14.3614412282063,-15.0605378360337,-16.2940759358867,-10.00837367241,-11.2267105754304,-16.2460689078362,-17.2320690623651,-17.0110679892005,-12.124865418506,-16.0116163126063,-15.1379055260927,-14.339986291493,-18.4523081378575,-19.492440445948,-21.2798811148359,50.0627746669106,52.6894609162473,45.9339696605866,-10.3326527902891,-14.5647519992995,-8.23462404950214,-14.4529603004662,-12.9601640797277,-12.6573330223359,-11.5041294207572,-12.232058447813,-12.6631693449885,1.46082205658513,-1.60893780775723,1.91083875474897
,18,-13.4257794739224,-12.3044721478077,-16.1242729937335,-0.915618625217121,-0.610032189524645,1.9227886656895,11.025334194439,11.5626425192158,13.7387458558278,72.9410384959074,72.0224029676788,69.737156381932,-11.9057062319503,-9.55643751602292,-12.5796693599018,-13.5105120065309,-13.6733249255831,-14.7195158841814,-16.917072559208,-9.32771220514178,-8.00780497589949,-1.79746672648707,-2.110621941707,-8.04564340036904,-1.38726628852419,-0.887633213355002,-0.418895411384256,-23.4709167147084,-20.4707511903175,-15.2267418691458,13.8164620980178,-5.65028918911503,8.78909617505497,-16.085364807705,-16.6100989565575,-14.7049176599771,-21.80191092725,-9.73787769124101,-18.4029319423316,-13.0930736796672,-14.4585127770179,-14.371787649221,-16.2529148356743,-15.5324676367409,-8.2005368954101,-10.7234473743306,-12.739852849706,-11.300862140562,-12.0456758953651,-8.9472319229626,-11.8523773725979,-6.25540963117919,-9.10897443384783,-4.85457304755982,-17.8183963261031,-19.1253126912075,-15.2947572460348,-18.0464511480714,-12.5897862244719,-10.1702047843351,-19.5256997840979,-24.0617050548331,-18.1628816835128,140.007886796394,143.396267149771,138.201161280144,-14.7830365046525,-16.0782924227278,-9.60282805887573,-7.17427965828301,-7.60046097783516,-4.46610158191152,-8.58470545093178,-8.31199220987537,-9.46878731739571,2.70095897422198,-0.383628117086573,3.33601141583176
,19,-10.0039834682952,-12.5476425519942,-14.3408792021264,4.08486245901804,2.74067489186518,9.98561392944839,59.2611147365324,60.7586859945159,64.29281111622,178.847239351518,169.68577896133,155.345627738746,-11.1258424894409,-10.8917853465514,-11.4959773464161,-15.8922276128437,-15.78420355658,-11.9746835570486,-17.1245132875588,-12.0732099197344,-8.77446275151215,-4.84883026421767,-0.38077658187558,-6.26420068065545,7.86561941344007,12.8655130419729,15.3382315081808,-17.6051361187815,-26.4675622921686,-18.6766905059576,44.6419058831061,22.7279018406712,41.3703633746322,-17.8236471257792,-16.0184504573645,-14.0371108270574,-21.5113168420339,-2.4821537238704,-15.3910107299407,-9.77616319443132,-11.2265024414987,-15.333687405438,-10.1021416209769,-10.72557044619,-7.45749410898134,-12.3637582215356,-13.8978049318839,-10.7687828008566,-15.0423339655117,-11.6988585184763,-13.0224695835082,16.1714294789385,16.0583137556432,17.2201801351221,-13.9918362951917,-23.2536562543105,-19.2644129547675,-14.5134771704315,-12.2040167435675,-14.651620846586,-15.7578972599167,-25.6961705474291,-20.494804484254,288.783986623388,290.422849830483,276.827896415536,-13.912464295915,-12.7946941773198,-15.1990648110559,-6.71831697327207,-4.67169199992259,-4.46002192278593,-12.7077545314201,-11.720872160005,-11.0662143150275,0.677244929954213,3.0216486736299,-0.934514248598134
,20,-0.997288304146423,-15.5520419278923,-2.94472658439554,4.13145649190437,2.52561021550264,6.0712783727804,155.179892099824,153.56579424991,157.563727764488,397.579710057753,384.447512928331,357.950920293002,-2.08693622468672,-0.485881539346792,-0.873094459332606,-13.442878004892,-17.2396651330182,-12.3442466139613,-18.9907577346366,-16.5187985406938,-7.93870851523297,-8.17827733867534,-6.02306620610079,-7.16488302647304,39.5340783764536,52.9890929657818,49.1279759566232,-20.4484656786813,-21.0590872467233,-23.9551903395295,114.247374589054,80.0551055886372,103.003823725042,-7.28785579016903,-1.75226818913006,-6.57687571096085,-17.9591529990462,14.3253746382225,-4.75855774606453,-4.36521168585932,-1.87745490826183,-3.69264650178229,-7.01421417527354,-0.418630832314648,-6.318400056668,-6.83826853740766,-8.0792262599216,-9.83010908213055,-15.3940343085019,-15.3111168238379,-11.0860658051552,54.2962621967026,55.6943760891008,49.5260184366261,-16.4938298744705,-8.41428027957591,-12.6037064787101,-1.7500093006347,-4.2531309939136,-2.97554709366614,-14.8757686590507,-17.419510023934,-16.5769915650517,595.027062550928,601.927326685659,572.378752757621,-12.0629530677379,-16.059673339324,-15.0077886085687,16.3124709924746,14.1736739076396,15.1674355286468,-9.94305685359313,-11.5085231560593,-12.2219155253092,-2.39711074135357,-0.517426511460599,-2.43213280629243
,21,14.5218879172216,-17.4955274341542,13.9061668066824,-0.988471598464912,0.38054158597015,1.15026409469147,331.177743222978,338.618917482513,339.916808032858,811.915411355118,787.108848273939,736.285438625373,16.8362890603739,12.7693550880063,10.256795612981,-12.6696248790081,-9.69922087521718,-12.9142457666544,-20.9692799612976,-18.7931250874453,-13.6371718417586,-3.60727387496354,-6.44703157227605,-11.3517082985281,98.0291582008958,131.663458083265,121.420245826363,-20.379494450528,-23.443010332182,-19.7313349336196,249.171328915422,201.538784635262,220.930753558931,19.9061236411108,20.8539463304751,15.5204568363611,-0.330678174851982,47.8070817334137,19.6329756454538,12.3122102800821,13.962057221253,16.8816291492226,13.7483804504441,11.9610646362462,16.3100736931156,-5.82221504659628,-2.37221982530946,0.250432501290106,-9.89205397802607,-10.400637545948,-8.53155026068271,135.02929818935,132.132163114172,125.750037885286,-2.85773029680422,-5.95130678983242,-2.16982529225925,15.5745039562171,18.315826206926,12.9638567642924,-3.36365020634366,-1.4301960338762,-2.45774676672772,1175.28215394888,1189.81633830321,1133.14792853021,-8.6175189957512,-13.0751341801611,-7.95885980053026,50.1704543322617,53.86731669762,47.7184385315827,-1.93976959258544,-0.725145707294359,-1.82207630028051,-1.20080418090947,-0.991675222487174,0.336973407293954
,22,51.7722225680427,-19.9820500038018,70.1977057482104,1.18759721242077,0.624004801392402,2.32274907829105,751.342718285934,767.9851037907,758.657288771445,1716.15082419766,1670.62479854084,1576.3199407699,52.4368747323115,46.2281490945543,50.1772933036818,-1.68930346182469,0.425519014441306,-5.69883762924746,-22.4460367898887,-17.8032078813844,-14.9896655313069,-10.6844475704393,-10.9309672688473,-9.64323406613858,232.236630563898,302.807481199831,287.720257605291,-11.4833687565515,-14.7626572014137,-20.2385155397988,565.619125982513,467.609622859559,498.916445040657,76.7480272181706,73.1471586938542,66.6909238133803,30.3251048358156,118.237060431882,82.4086617526332,54.2596709014756,59.6686667112167,56.3384664126943,60.963660610279,58.1175259702386,53.4618890498946,14.3200772858941,14.3489889111552,12.8754614137456,0.530288958565961,1.87944123943907,1.07928685587012,320.714939682709,311.606712273156,297.661282952608,22.7103760003656,26.5733577848355,18.0715332217528,70.5017083649468,61.4468813045396,59.4770534048703,29.1158736655316,31.1539525802618,27.85614893311,2356.57916088601,2391.93807930939,2277.81778630133,2.567812167596,-0.644190081278794,-0.43520318570836,138.106977540972,133.052090828374,129.31120246294,16.7317027999688,16.6782473952758,16.1125998033904,2.98390127644871,-1.46689164099416,2.75220760402726
,23,120.90607621346,-23.1598857114545,152.58935159175,3.03290778121755,-4.3405919678039,3.17178626178656,1353.4709230639,1385.59769019147,1358.87907069366,2869.50254005918,2783.62385694293,2607.75754681059,117.325651901388,106.166153736728,115.191934596826,24.890851424133,15.7652221811827,19.3733219178644,-20.7493650124916,-15.8709922231042,-14.6477154371082,-10.6623750144026,-7.58118191920312,-10.0903405143804,443.465095242701,578.768563176508,547.615144894895,-0.544482447299742,2.06824580923831,-1.26583182668401,1048.14180016648,888.852720945245,930.169751477431,172.699972211984,164.793438998294,156.284480144588,84.8398699490385,243.006101369801,185.980493615848,124.51047677645,134.554661834246,135.062436708597,135.912485333298,137.545926754615,127.898922799635,48.5166400676644,51.382031990061,41.0508662022312,20.799966247238,14.2153084896886,17.4612668780842,610.680801873531,599.807848907872,573.744463610643,68.0113707348673,70.7462019661884,69.0157067443192,161.924875041219,139.797909508276,136.010743588051,79.5534330300279,91.28408056013,80.1635572598057,3853.35399778236,3934.45376604039,3739.66107795819,16.8711045621312,18.4147761566287,13.5464467664442,279.088579305973,263.558054953459,266.803757429768,51.8497601713725,51.0395121782176,47.6199599729916,0.422665130688983,-0.211884329408349,-2.24523114757858
,24,251.28156115655,-18.6359261562843,322.439007138976,-2.31384425685565,-4.10137827282688,2.82103466547323,2463.25053395845,2510.84497201912,2466.07716011597,4650.75535874708,4521.89075344373,4216.46416823408,246.219094801865,219.876006260039,243.227557044776,65.859588849376,54.8746003711512,60.2240169848051,-15.6873450605308,-13.9697472903645,-8.27425158734468,-11.8146974236106,-8.99132704475824,-10.4707634952324,868.959630845006,1117.94949747543,1060.20548047169,25.9933687734838,35.1520350181572,24.4866837744494,1954.87001698795,1686.92372372883,1738.59909141078,366.5672984997,348.401546993806,326.323708536762,199.259291729908,484.670078654057,395.741471407196,266.509017023184,288.538789373789,290.815298491579,293.813586789728,285.344206815616,266.774355915864,115.271187329972,111.443055566293,97.8316035481739,57.3087404731377,50.8001393643844,53.0688695289796,1178.4091453043,1159.88061646002,1114.19678053989,167.1860479671,178.57052032707,149.075994800467,343.095257239899,290.999206155969,291.847572933417,184.72823010703,217.134615752445,196.563169466103,5928.29887171945,6098.15772812348,5796.36596850068,51.5714167746382,63.3386245565716,51.0484946931792,568.197643986374,529.531342697556,529.926913678015,118.132627348634,120.371465563421,107.836860642181,0.16509881619686,0.931289404376912,-2.62353493374394
,25,503.964329165454,-15.2717210934575,653.201068808781,1.06343442899788,-4.81891685929668,0.837973619267359,4195.43565150218,4258.48724732215,4172.93168469712,6592.91520685191,6424.30035911188,5945.69939976808,496.066559496025,453.751354953891,506.621082102918,153.748283405243,126.61840616743,141.519774167446,3.59533780349784,-3.05284841622051,-1.74876678080318,-15.0902232319436,-8.07931154684047,-4.95584115315978,1637.35738786522,2089.66320412015,1995.85804680697,86.5590889990913,98.7843456811038,90.8239280310863,3474.44316797206,3061.02632549542,3118.81326449692,748.662185475293,710.176669639234,665.493459569144,419.660201828051,954.875639050639,800.362821501927,547.36555053475,593.818228648353,596.717244850773,602.943424170524,589.76910375951,553.952014987789,245.311307696,238.444208375072,197.892726962279,137.158197712897,115.897178145941,136.456566591395,2199.44613332217,2173.54859628186,2102.99907599151,353.199670159732,372.424324942685,316.779284578529,688.493189381589,594.524418870607,598.172047937755,388.082097016804,456.228702323447,416.422899384465,7813.55919744981,8111.43160986451,7707.08307098723,128.997725303097,140.688965368533,126.017544521122,1113.17916941656,1042.54238513691,1045.4040438631,248.38637048324,244.443309969111,237.885536252272,0.481639115517737,0.348544317363576,-2.42932468211256
,26,978.059139732016,-11.8181500322871,1269.96413765364,0.639912202180767,0.339138855793408,3.23382630065043,6381.25399705927,6339.94513704756,6282.93487027812,8241.2444721938,8044.10722668477,7417.00620220832,972.633289907052,898.04368420565,986.373779176573,318.68711232149,269.855853771026,302.617103119059,31.3641369348652,26.7726112746941,20.2447370943187,-9.05019572282481,-9.78519117230644,-7.9342856481976,2930.34154977152,3659.18593064193,3526.23543269141,203.835204154706,227.926442471658,215.103732231969,5641.02337541693,5084.27657622502,5129.96629821365,1454.82776820107,1380.27427396729,1299.38668654361,848.0929255492,1807.73551053845,1543.60801682183,1080.58923974735,1163.76394399084,1172.19820307027,1187.74772813166,1164.66338631226,1086.37377027329,501.487390771135,481.243470882278,414.773897216892,290.546341193585,250.197381563385,291.620629664935,3848.97234662406,3812.23502576019,3739.39783706808,720.018226392302,771.778916178839,638.819289774814,1337.50112684305,1158.13529129716,1175.61882672473,792.5263304432,920.002041728221,847.052440637357,9334.41106100392,9744.36368582681,9258.26289980517,279.675160493541,306.397641285682,270.8956570767,2088.97157362183,1960.92274543666,1960.65162044199,508.608014265099,495.977129989733,481.834773089899,-1.47148371377898,0.264938518601866,-3.77909801377746
,27,1775.19345796016,3.96407039732412,2298.98830515999,0.935377882891316,-7.64175677120602,-0.927981498039117,8211.76434445887,8193.20191053186,8002.81883949925,9464.20520089913,9253.67952537529,8513.0311538696,1797.39463896804,1668.79100607597,1841.53378790731,626.242674445894,543.949192255533,617.575095139066,85.9775943287177,75.4911161377145,53.1734323629389,-8.23375737816377,-11.0210763037126,-2.40264349452173,4726.73453205652,5699.48098661303,5600.13921539134,429.672060346377,461.927951009294,450.355128092612,7837.219669986,7291.58851093203,7248.3107090333,2638.47586982347,2500.15450714727,2361.37392952589,1604.65043167537,3195.39230932693,2792.04407610695,2010.56269796022,2155.91109874818,2167.3494732409,2196.68230382747,2149.714752158,2013.48470324355,977.17779009024,928.546364792513,795.539517125279,573.169710367727,507.951544434544,580.975634524208,5962.15200775026,5932.85692817867,5918.98636795852,1386.74558997374,1469.45819334076,1234.62678549662,2438.39172871332,2132.73931191438,2159.09702070877,1507.95442928896,1748.99087578994,1602.15047303471,10376.5996773646,10875.172952439,10332.4072741785,557.179036209973,612.464157033879,540.868214320875,3651.83796180823,3428.31086871475,3410.7915617176,984.818635920886,966.363330829192,937.272998254546,3.48504548789788,-0.553462134319489,-5.55992530495178
,28,3098.1817671372,34.5370517544043,4009.61399270794,1.1677300336255,-3.50402190694194,0.733996361174377,9693.83083477779,9628.57596951359,9388.14048042836,10263.9264460669,10045.2168396223,9227.05251090221,3223.14534757218,3036.23288168911,3326.45138020777,1232.13786701023,1084.45011017469,1218.6953118848,204.267819608135,177.575679699234,136.761392120176,1.85057480808155,-6.95141849979518,2.23561832434098,6683.1809269944,7686.75541468722,7727.17881563194,869.153802321425,941.424246715584,917.370728808479,9694.17223799989,9190.26999342213,9059.41701509781,4514.21279887682,4286.95075151439,4054.39782869034,2931.42176851038,5246.91500754513,4718.61370215837,3580.22119679155,3839.9321672614,3846.37274641008,3889.73044717001,3812.20398980965,3587.243710964,1855.2647319562,1768.0602051608,1534.66077757722,1129.00849203677,1004.79337453967,1137.73189284812,7950.97788636389,7953.51156447117,8119.9767090716,2583.34439365835,2720.49747921309,2311.56190201278,4186.14377436246,3741.41884151475,3766.17534898354,2752.70555414267,3173.12838383256,2942.60255791183,11026.2837566589,11581.6755510768,11010.7770392661,1102.9153084957,1200.54990399693,1074.01577661479,5836.38471308184,5513.63374550176,5436.29542953597,1845.02628257144,1827.13752335114,1781.19417652372,2.82512616316762,1.09240270050304,1.36877045947949
,29,4737.2912086321,93.7232830755338,6096.58966447875,3.15361174474538,-2.19653261615622,-1.1147420223615,10708.9905805424,10604.7653585853,10332.1652246309,10763.7726382203,10542.1790572585,9675.3602304355,5102.43805978296,4894.37129812083,5321.12171567888,2225.01886341341,1996.54853226943,2226.73215233001,419.902839855142,365.452820193728,282.477359830179,17.2455891422483,-6.83182603716841,17.9715997164399,8335.78546800323,9316.11049764685,9494.84011796934,1640.82234553037,1754.83433622492,1723.65538297821,11070.4079520587,10628.2032298844,10412.6773291836,6633.74418914296,6364.80901184058,6043.81303637804,4808.43766306464,7308.90063077892,6829.81520243503,5650.29478945379,6035.98191518686,6031.24296223958,6097.35096988768,5965.22406770349,5660.22019088492,3215.32053541671,3105.79007253082,2718.15596946063,2072.53751945979,1857.81743815048,2099.89259762634,9563.55206930268,9595.86864525984,9928.78327677871,4387.1911387201,4556.02165903839,3958.21057717783,6274.92643511558,5800.94078817712,5768.92088352711,4536.37509697554,5156.92673831227,4847.71784782602,11429.0619398311,12017.3156599478,11430.0274085573,2051.11828007066,2208.01267761638,1995.92346203332,7867.77580372952,7500.99337898808,7317.46779177902,3216.70129779277,3191.60861432731,3162.7967154536,0.89925013399079,0.14458211184683,-1.88804421485656
,30,6306.98998030091,211.871113064898,8078.58596691807,4.03421055697345,-0.999165935517794,1.92788110402353,11335.7002603893,11202.4531310754,10911.2247854495,11065.9152972953,10841.1555147574,9942.81422765644,7056.75539833545,6926.56678862082,7451.27110026794,3815.19780295764,3533.08564937901,3892.6480400471,848.707899537817,736.290971070822,558.712429772491,50.1555486401321,1.44339981906296,50.1591877806773,9544.15753245665,10454.8764787704,10753.1732103014,2979.97706672525,3142.09344365105,3120.49252108809,11959.7574094369,11570.220750031,11294.4851718557,8504.19673500511,8124.63191096019,7747.74078964444,6908.02234948601,9055.50803026241,8665.10409921122,7691.66988349579,8196.24706673834,8175.87408122838,8231.3536252261,8043.17254864942,7726.24473655238,5092.26958854422,5029.32893058643,4491.12550269365,3593.8090969799,3302.22768596657,3662.4610421714,10667.0352661878,10722.7023830441,11191.2295811785,6697.66312719634,6766.57718196085,6130.21109063391,8047.64936071671,7708.94923630033,7570.03258406551,6532.94566880116,7264.33090275475,6983.08157028842,11667.7732789825,12278.6619692298,11681.8374415256,3611.77017115694,3845.9729253832,3528.20298813301,9537.74303006695,9143.7002985887,8867.13591847594,5128.1474836432,5127.38917326106,5147.86606358417,-2.6032306600132,-0.841782491911545,-1.60833267777844
,31,7615.51416186107,439.22222235027,9717.6552915765,-0.139064816564314,2.17368091532262,-0.583444444548604,11720.2315021907,11566.4528321705,11263.4388070838,11243.9697570794,11017.6591520519,10103.7773489175,8693.62084115738,8655.56366812381,9253.49980821897,5850.08942864828,5691.84167018048,6116.33069731437,1616.19394911706,1412.563874153,1085.86525691293,114.791081814458,18.3269673688601,116.215560188385,10352.4857849649,11198.5428852419,11591.9918805169,4974.65001714456,5137.02508168379,5160.86674251247,12529.7125114358,12172.7339667181,11855.8269357446,9942.79277137928,9520.52451585425,9101.51238637973,8694.8183166079,10329.4348027103,10053.8846580297,9365.60324297032,9962.870867097,9927.46046526616,9969.13499742904,9737.12904378849,9420.88726467456,6892.83177880572,6964.44757578366,6409.64690955305,5624.91663558952,5359.55530756075,5780.10407359806,11375.8517989026,11445.6389790249,12008.3810743889,8756.13735459303,8692.44140219484,8061.35556823109,9440.25031492964,9241.18856262367,9002.38160229502,8225.12982359278,9018.56458277732,8792.00515917653,11806.7839313527,12430.5188450366,11830.127718675,5774.9752135581,6024.624340028,5673.33952295384,10697.559723335,10297.7514562026,9948.92938556941,6992.62802899821,7067.83190273316,7248.04833455967,3.77712934452802,1.55407060538846,-1.90084360311766
,32,8564.80516763231,858.315154619352,10899.2880982339,-1.28706492479387,12.2642030277666,-0.712863539018144,11935.1302293628,11770.0556070557,11455.0343724555,11335.9090848253,11113.4495598932,10190.2559443519,9904.06847788443,9960.06147159373,10591.2987657322,7739.66351829689,7984.3244914655,8328.41160688695,2897.39466774913,2565.60312697111,1995.00990887174,243.099332685419,46.3988857965719,225.666590290848,10863.6008481836,11658.7367100185,12113.5248991058,7293.10687063191,7311.3837692698,7478.29602404325,12866.2712105537,12539.5674159838,12198.3643485348,10911.5107598513,10462.7290187085,10027.211593694,10038.6347804865,11162.3093331668,10978.5541011216,10556.2435201769,11216.6596631265,11173.2082840328,11197.428138709,10930.823805056,10628.6354149641,8422.2526790116,8618.92578293399,8090.17631016438,7537.90663537839,7521.06920346866,7817.57176196054,11813.8079580493,11893.9407536372,12518.1047353017,10409.5822039156,10192.5166165329,9646.94878328374,10364.0810925569,10299.7963408194,9982.19278832659,9491.96856966068,10294.9262977182,10134.2009238047,11882.516982379,12515.5139588282,11911.9202993478,7944.11315822159,8063.41743210647,7832.4054791768,11434.7381435275,11034.1342803719,10644.4308039781,8552.57364951185,8700.58715624521,9039.51683259687,-2.66579380619032,3.17280555614616,-3.24209994674629
,33,9188.31631645578,1761.15047818261,11664.3075204536,-2.05822806741435,35.1425931396093,-3.14765044240085,12069.37126611,11897.4697683473,11579.6473406278,11393.2456440948,11172.0360600455,10243.4592300677,10691.2211256093,10813.5530353466,11464.3940919464,9278.17390319151,9898.13618518517,10149.5028379622,5131.7948292467,4659.64718445352,3720.42032054643,523.215832351798,118.4038184718,493.408207739532,11181.559654673,11941.2601604774,12440.5988884866,9257.28085912086,9112.92885108159,9423.2265679678,13071.2690408737,12760.1082450592,12404.959916184,11504.2949180278,11038.4598436395,10590.2617032279,10896.9605697004,11674.9820221072,11550.9661980939,11294.0568381109,11995.0051957545,11945.7407367776,11957.5436989852,11669.61667096,11379.2670770736,9482.33455162758,9773.29927673453,9288.29191733139,9063.37000856967,9292.29347331804,9448.6448375182,12076.9137874618,12166.6531396774,12824.4386559212,11497.7373546206,11159.3219727393,10696.9312948866,10916.0716137473,10941.470846873,10567.7258375241,10278.2161818951,11079.245492472,10971.3496409397,11919.6375642325,12553.607777694,11955.7119703148,9694.93726166293,9682.34110961318,9585.82190278367,11875.3205626048,11475.9451462233,11066.9612223336,9611.89591386923,9823.15628229805,10293.3513004971,-2.72614741019379,-0.133688890742178,-2.03835339139232
,34,9580.86766661193,2944.43240568449,12145.2713991049,-0.284148875017308,79.6739542201308,2.43287212481346,12140.8232576256,11966.1972653258,11646.0555661275,11417.3900985254,11197.934542083,10266.6810228018,11192.2231441872,11353.4888313641,12014.1479569208,10395.5386087896,11348.5195711625,11497.5277135662,7173.55027356957,6731.86722540132,5499.98103522635,945.660072330928,235.211047019255,871.380463083219,11374.0037304615,12107.8428489154,12631.754573329,10763.7499480698,10458.3673959729,10898.3349964707,13186.6771817409,12883.7092065079,12523.8155889599,11869.3982374985,11390.9500466156,10939.5966454571,11436.6425425071,11993.0452623986,11903.7063685246,11750.3215171145,12471.5829417936,12426.3421269496,12426.7861040768,12122.2114851769,11840.0647954989,10173.5888259946,10512.3909174899,10075.0205959399,10124.5749381236,10570.6007821958,10590.4672690147,12233.1105657642,12332.4396739262,13007.5214152828,12183.8519090557,11764.74515316,11352.1959471812,11251.8408053177,11335.5692086045,10930.9960512822,10761.186518902,11558.9258993079,11480.2135938187,11934.4918669948,12568.5574420378,11971.694558097,10915.1644361269,10782.6577151635,10816.2828244171,12141.336516368,11743.9760859944,11328.2398746611,10273.1381410859,10524.255881568,11081.1917769648,-1.62495040425438,-1.99750496258321,3.06209819516698
,35,9816.57768744264,4874.53750728585,12421.0085196819,-1.69212500864569,159.478062126003,-1.60919868644442,12192.4717566307,12013.7694563074,11696.4284490503,11441.0817455524,11218.1201717866,10283.626206902,11482.465697416,11666.7855510236,12335.8913610277,11086.2163102793,12249.3108074341,12329.483817993,9051.71705432749,8694.70463885346,7435.0428964105,1759.04544565027,477.055125759305,1613.77374549761,11485.9677915504,12206.1157593028,12749.6668240762,11694.9490125191,11280.5246879851,11803.8287953057,13254.0192789709,12952.8161753317,12588.327714925,12068.3187296813,11581.4158754889,11123.052426627,11744.4267288926,12171.9202994685,12105.1872727367,12003.7945413429,12735.1511904396,12686.2743293198,12681.9988384084,12373.815481867,12092.6115678753,10562.9769416614,10927.5718159905,10510.8639536664,10751.8505161333,11334.2889256902,11281.0649705528,12319.3185800118,12419.6540951675,13104.2178472446,12570.3479915889,12100.6728558382,11719.9968860752,11429.9567834887,11548.8607584242,11119.5236864393,11025.5680872609,11820.8898851806,11763.2699035813,11939.074940796,12572.7847500447,11983.7443900961,11624.4989685892,11417.5812815417,11537.8181606872,12281.8836090227,11886.3166763075,11465.5890594718,10642.0692840492,10914.5922170315,11517.9215966785,1.63988481591241,3.14585590640581,5.25225196089104
,36,9954.83192756259,7059.83752277607,12582.53604221,-0.47925905508373,307.907061252139,-3.60019341333464,12204.8301650713,12021.2511644023,11706.8673323404,11438.6509071785,11217.4226819062,10282.745794057,11661.7467477085,11855.4638164523,12526.7102676272,11561.254703048,12874.5254641472,12902.4159400519,10601.6574890372,10372.2351026879,9074.50904239967,3079.99345679476,915.971203646384,2826.93799065069,11543.5372346686,12248.6586363283,12804.2138290992,12328.2569371152,11843.5920480691,12419.7519286372,13277.5681231595,12978.0831515068,12615.4339788768,12185.3306726344,11696.8359925847,11235.2076738089,11942.6676368389,12275.2213510672,12223.6492152447,12158.9921089512,12893.7674564957,12844.5965261447,12835.5978490426,12525.9489792237,12246.954211334,10816.0999074549,11195.9267496384,10808.1871220506,11172.9262157843,11840.6907409128,11734.8367241958,12360.2696244793,12461.0709738404,13154.2804276375,12815.8047997959,12317.2246658774,11959.2190221114,11535.7209238496,11681.4707941444,11236.6465449707,11194.396616558,11984.3422156403,11938.793683893,11933.9340767792,12567.7039838609,11982.3850041523,12077.8919839543,11826.0330181169,11997.9218061491,12364.3626665214,11970.9301002145,11548.9710734871,10882.5514814635,11166.5145034758,11797.4624100286,-0.775859433709229,-0.703941555264464,10.1258104320409
,37,10030.5895738055,8965.92623554554,12668.0774576103,-0.722802185761338,602.518675731011,-2.16134746288844,12205.2455969142,12017.8291281819,11710.6879677232,11437.0956320364,11214.5315771422,10279.5172205719,11762.7249857911,11960.7644610397,12628.6882622159,11853.2119770731,13258.0581031351,13252.9509694,11680.0820888062,11569.4888834574,10284.6534625411,4925.47507975529,1700.55636942052,4535.22917998262,11570.20412224,12263.9609479297,12828.5645048575,12718.8539949627,12187.1207316613,12797.2703649945,13281.0371745873,12984.3395147903,12621.2985110117,12244.933115961,11752.8468826503,11290.5752545137,12054.1164162548,12323.3825579429,12282.8101196409,12235.0057080113,12974.8055443142,12922.3293494855,12914.5934334355,12605.1567823069,12326.7639967626,10953.6813104498,11351.0837509214,10979.6877049496,11429.5198466899,12149.6468857537,12007.5603790409,12378.7132086048,12472.9445901162,13172.6854854686,12953.3964109571,12433.4098681461,12095.2544936505,11583.8750954253,11750.0747646,11292.864317471,11283.605915172,12066.8872045195,12034.7589978727,11927.0776803159,12559.9570449585,11982.5918014362,12348.2281091995,12069.1452888354,12278.9186254488,12400.4455132789,12010.0918306005,11588.1494412608,11020.3951851856,11310.1544556433,11959.9770101853,1.47270578111738,-1.33758357615807,14.2185230398068
,38,10049.2211690543,10450.1032273834,12693.2376919733,-6.18887573984648,1141.20728471724,-4.1921645942939,12185.5965108512,11993.9581706178,11689.8037417089,11414.6013083785,11197.3574032378,10270.0458337741,11806.896467646,11997.3071855552,12661.9441428743,12017.3683688713,13478.1809522219,13449.5136227691,12386.2418868565,12367.1222884294,11102.0392459732,6885.70939105301,2989.21482835148,6357.25572630766,11570.4667099631,12249.1837514678,12819.212444157,12942.0574488868,12379.3471854832,13012.5847746411,13264.6815151395,12968.6819057137,12611.6316041803,12258.3263001959,11768.7755643075,11315.7470365776,12107.8135022431,12336.3254712583,12298.8066075457,12260.2914183548,12999.1307835898,12952.2258204067,12939.7655260373,12630.6000242287,12353.0443241441,11016.0750137769,11421.9345720186,11072.1689679804,11573.2273429982,12328.8426584322,12145.3001188837,12374.993711111,12470.224137062,13169.454765176,13018.0234870296,12489.9106017776,12161.7527862725,11596.7555281431,11778.9506432532,11320.9289705627,11323.3286761005,12098.4564871886,12073.2500029207,11914.0747719013,12546.8089890378,11973.562400666,12503.2558248051,12207.9813698502,12438.570246993,12408.5675458944,12020.920673189,11603.3655158423,11094.2399724914,11390.3664614423,12050.904560778,-4.82878029158383,2.13676078938397,39.8795244532562
,39,10067.8974947184,11433.321184651,12712.7677007054,0.155846462295358,2226.69619399541,-4.29908578203549,12183.8743369612,11993.8270622566,11686.433624009,11411.0987727594,11193.1357200568,10265.2310885104,11836.8932530834,12021.2258246225,12686.0890997638,12121.9145198584,13611.2857613442,13567.1393820293,12827.0009446114,12869.2608197688,11625.5035990284,8512.43121033456,5003.18749381251,7864.39235543515,11577.0206456476,12249.3561082828,12826.1368680299,13075.1554748681,12492.4631445827,13139.9312175069,13258.2909735914,12962.8072186774,12611.7380301469,12266.4339392541,11773.2876951774,11324.2512011257,12135.9769281195,12343.8588659396,12308.2146726925,12271.9055940953,13007.7681540639,12964.291880929,12951.1767608323,12642.1393372028,12365.9866162478,11040.0798531726,11458.1039675001,11114.3319027387,11654.3081155605,12429.8247628069,12226.7635136495,12376.82240884,12467.0195662746,13165.7159108841,13049.8422876131,12513.7007151436,12193.178887251,11601.4106111351,11791.367124462,11329.057518985,11337.4191482648,12109.0615234003,12088.7258545285,11909.5687061685,12536.8727803698,11971.3875031766,12582.2391501395,12278.1934886004,12525.8677236665,12408.8383868622,12025.3942557021,11605.7482248057,11129.83404849,11425.3714327354,12094.0355065067,-0.117404654215079,2.1571513977442,91.1988347379183
,40,10099.1815254304,12104.4787658038,12737.6876316925,-2.22457192708225,3531.44929488716,-1.86577826765824,12202.893593928,12015.6151683212,11700.3748314503,11424.1961320542,11204.8598302371,10266.7822726873,11867.4470784092,12045.291961257,12716.1885051256,12204.3742145997,13708.2351488458,13651.2780344974,13125.6813850907,13210.7497045959,11988.7725323595,9805.64053759992,6654.00453874694,9056.6390673651,11596.8387641149,12265.898052273,12848.9899557584,13166.3898343436,12570.2102846695,13225.4671028782,13262.4703136098,12968.195600236,12626.520631484,12279.2816570267,11780.8482344061,11326.831073795,12157.8683493947,12357.2586116566,12325.3267063683,12285.8501575657,13017.8510439015,12975.118559763,12960.5907871562,12653.3991924108,12379.9588854837,11052.4794195642,11481.0751118272,11138.7286271422,11707.7761718032,12495.3798759007,12279.0287454974,12384.609059403,12468.6256518903,13168.0860446537,13068.5839028601,12527.7036828115,12213.945385954,11609.2613904015,11799.9586636865,11329.3946473205,11343.207659973,12116.7774659479,12094.9818952383,11911.3681577219,12531.7371483391,11975.1952906836,12624.5765459806,12317.3869385245,12575.7921601805,12416.2833447257,12034.4481211181,11610.1852336291,11147.6770726616,11439.2228402901,12113.1680038751,1.43498874241095,-2.28493560458901,174.057810104046
